clip_id,flaw,level,edge,click_db,step_db,timbre_db,floor_db
B01-CHAMP_C0__EMPH_FLAT_L1_s1691,EMPH_FLAT,1,start,0.0,0.0,,
B01-CHAMP_C0__EMPH_FLAT_L1_s1691,EMPH_FLAT,1,end,0.0,0.0,,
B01-CHAMP_C0__EMPH_FLAT_L1_s1691,EMPH_FLAT,1,start,6.19,1.19,,
B01-CHAMP_C0__EMPH_FLAT_L1_s1691,EMPH_FLAT,1,end,0.0,4.93,,
B01-CHAMP_C0__EMPH_FLAT_L2_s1691,EMPH_FLAT,2,start,0.0,0.0,,
B01-CHAMP_C0__EMPH_FLAT_L2_s1691,EMPH_FLAT,2,end,0.0,0.0,,
B01-CHAMP_C0__EMPH_FLAT_L2_s1691,EMPH_FLAT,2,start,6.19,1.19,,
B01-CHAMP_C0__EMPH_FLAT_L2_s1691,EMPH_FLAT,2,end,0.0,2.42,,
B01-CHAMP_C0__EMPH_FLAT_L3_s1691,EMPH_FLAT,3,start,0.0,0.0,,
B01-CHAMP_C0__EMPH_FLAT_L3_s1691,EMPH_FLAT,3,end,1.35,0.52,,
B01-CHAMP_C0__EMPH_FLAT_L3_s1691,EMPH_FLAT,3,start,6.2,1.18,,
B01-CHAMP_C0__EMPH_FLAT_L3_s1691,EMPH_FLAT,3,end,0.0,3.84,,
B01-CHAMP_C0__EMPH_FLAT_L4_s1691,EMPH_FLAT,4,start,0.0,0.0,,
B01-CHAMP_C0__EMPH_FLAT_L4_s1691,EMPH_FLAT,4,end,1.61,0.0,,
B01-CHAMP_C0__EMPH_FLAT_L4_s1691,EMPH_FLAT,4,start,6.2,1.18,,
B01-CHAMP_C0__EMPH_FLAT_L4_s1691,EMPH_FLAT,4,end,0.0,3.87,,
B01-CHAMP_C0__EMPH_FLAT_L5_s1691,EMPH_FLAT,5,start,0.0,0.0,,
B01-CHAMP_C0__EMPH_FLAT_L5_s1691,EMPH_FLAT,5,end,0.0,0.0,,
B01-CHAMP_C0__EMPH_FLAT_L5_s1691,EMPH_FLAT,5,start,6.18,1.21,,
B01-CHAMP_C0__EMPH_FLAT_L5_s1691,EMPH_FLAT,5,end,0.0,3.86,,
B01-CHAMP_C0__FADE_L1_s3464,FADE,1,start,0.0,1.89,,
B01-CHAMP_C0__FADE_L1_s3464,FADE,1,end,0.0,0.2,1.27,
B01-CHAMP_C0__FADE_L2_s3464,FADE,2,start,0.0,1.9,,
B01-CHAMP_C0__FADE_L2_s3464,FADE,2,end,0.0,2.75,2.63,
B01-CHAMP_C0__FADE_L3_s3464,FADE,3,start,0.0,1.9,,
B01-CHAMP_C0__FADE_L3_s3464,FADE,3,end,0.0,6.28,4.43,
B01-CHAMP_C0__FADE_L4_s3464,FADE,4,start,0.0,1.9,,
B01-CHAMP_C0__FADE_L4_s3464,FADE,4,end,0.0,10.75,6.63,
B01-CHAMP_C0__FADE_L5_s3464,FADE,5,start,0.0,1.91,,
B01-CHAMP_C0__FADE_L5_s3464,FADE,5,end,0.0,15.1,8.78,
B01-CHAMP_C0__FILLER_L1_s4985,FILLER,1,start,0.0,,,
B01-CHAMP_C0__FILLER_L1_s4985,FILLER,1,end,0.0,,,
B01-CHAMP_C0__FILLER_L1_s4985,FILLER,1,start,1.54,,,
B01-CHAMP_C0__FILLER_L1_s4985,FILLER,1,end,0.0,,,
B01-CHAMP_C0__FILLER_L2_s4985,FILLER,2,start,0.0,,,
B01-CHAMP_C0__FILLER_L2_s4985,FILLER,2,end,0.0,,,
B01-CHAMP_C0__FILLER_L2_s4985,FILLER,2,start,3.19,,,
B01-CHAMP_C0__FILLER_L2_s4985,FILLER,2,end,0.0,,,
B01-CHAMP_C0__FILLER_L2_s4985,FILLER,2,start,21.58,,,
B01-CHAMP_C0__FILLER_L2_s4985,FILLER,2,end,2.18,,,
B01-CHAMP_C0__FILLER_L2_s4985,FILLER,2,start,1.54,,,
B01-CHAMP_C0__FILLER_L2_s4985,FILLER,2,end,0.0,,,
B01-CHAMP_C0__FILLER_L3_s4985,FILLER,3,start,0.0,,,
B01-CHAMP_C0__FILLER_L3_s4985,FILLER,3,end,0.68,,,
B01-CHAMP_C0__FILLER_L3_s4985,FILLER,3,start,0.0,,,
B01-CHAMP_C0__FILLER_L3_s4985,FILLER,3,end,0.0,,,
B01-CHAMP_C0__FILLER_L3_s4985,FILLER,3,start,3.2,,,
B01-CHAMP_C0__FILLER_L3_s4985,FILLER,3,end,0.0,,,
B01-CHAMP_C0__FILLER_L3_s4985,FILLER,3,start,21.58,,,
B01-CHAMP_C0__FILLER_L3_s4985,FILLER,3,end,2.18,,,
B01-CHAMP_C0__FILLER_L3_s4985,FILLER,3,start,0.0,,,
B01-CHAMP_C0__FILLER_L3_s4985,FILLER,3,end,0.0,,,
B01-CHAMP_C0__FILLER_L3_s4985,FILLER,3,start,1.54,,,
B01-CHAMP_C0__FILLER_L3_s4985,FILLER,3,end,0.0,,,
B01-CHAMP_C0__FILLER_L4_s4985,FILLER,4,start,0.0,,,
B01-CHAMP_C0__FILLER_L4_s4985,FILLER,4,end,0.88,,,
B01-CHAMP_C0__FILLER_L4_s4985,FILLER,4,start,0.0,,,
B01-CHAMP_C0__FILLER_L4_s4985,FILLER,4,end,0.66,,,
B01-CHAMP_C0__FILLER_L4_s4985,FILLER,4,start,0.0,,,
B01-CHAMP_C0__FILLER_L4_s4985,FILLER,4,end,0.0,,,
B01-CHAMP_C0__FILLER_L4_s4985,FILLER,4,start,0.0,,,
B01-CHAMP_C0__FILLER_L4_s4985,FILLER,4,end,0.0,,,
B01-CHAMP_C0__FILLER_L4_s4985,FILLER,4,start,3.19,,,
B01-CHAMP_C0__FILLER_L4_s4985,FILLER,4,end,0.0,,,
B01-CHAMP_C0__FILLER_L4_s4985,FILLER,4,start,21.58,,,
B01-CHAMP_C0__FILLER_L4_s4985,FILLER,4,end,2.18,,,
B01-CHAMP_C0__FILLER_L4_s4985,FILLER,4,start,0.0,,,
B01-CHAMP_C0__FILLER_L4_s4985,FILLER,4,end,0.0,,,
B01-CHAMP_C0__FILLER_L4_s4985,FILLER,4,start,0.0,,,
B01-CHAMP_C0__FILLER_L4_s4985,FILLER,4,end,0.0,,,
B01-CHAMP_C0__FILLER_L4_s4985,FILLER,4,start,1.55,,,
B01-CHAMP_C0__FILLER_L4_s4985,FILLER,4,end,0.0,,,
B01-CHAMP_C0__FILLER_L4_s4985,FILLER,4,start,0.0,,,
B01-CHAMP_C0__FILLER_L4_s4985,FILLER,4,end,0.0,,,
B01-CHAMP_C0__FILLER_L5_s4985,FILLER,5,start,0.0,,,
B01-CHAMP_C0__FILLER_L5_s4985,FILLER,5,end,0.88,,,
B01-CHAMP_C0__FILLER_L5_s4985,FILLER,5,start,0.0,,,
B01-CHAMP_C0__FILLER_L5_s4985,FILLER,5,end,0.66,,,
B01-CHAMP_C0__FILLER_L5_s4985,FILLER,5,start,0.0,,,
B01-CHAMP_C0__FILLER_L5_s4985,FILLER,5,end,0.0,,,
B01-CHAMP_C0__FILLER_L5_s4985,FILLER,5,start,0.0,,,
B01-CHAMP_C0__FILLER_L5_s4985,FILLER,5,end,1.66,,,
B01-CHAMP_C0__FILLER_L5_s4985,FILLER,5,start,0.0,,,
B01-CHAMP_C0__FILLER_L5_s4985,FILLER,5,end,0.0,,,
B01-CHAMP_C0__FILLER_L5_s4985,FILLER,5,start,0.0,,,
B01-CHAMP_C0__FILLER_L5_s4985,FILLER,5,end,0.0,,,
B01-CHAMP_C0__FILLER_L5_s4985,FILLER,5,start,4.83,,,
B01-CHAMP_C0__FILLER_L5_s4985,FILLER,5,end,10.99,,,
B01-CHAMP_C0__FILLER_L5_s4985,FILLER,5,start,0.0,,,
B01-CHAMP_C0__FILLER_L5_s4985,FILLER,5,end,0.0,,,
B01-CHAMP_C0__FILLER_L5_s4985,FILLER,5,start,3.2,,,
B01-CHAMP_C0__FILLER_L5_s4985,FILLER,5,end,0.0,,,
B01-CHAMP_C0__FILLER_L5_s4985,FILLER,5,start,0.0,,,
B01-CHAMP_C0__FILLER_L5_s4985,FILLER,5,end,0.0,,,
B01-CHAMP_C0__FILLER_L5_s4985,FILLER,5,start,21.58,,,
B01-CHAMP_C0__FILLER_L5_s4985,FILLER,5,end,2.18,,,
B01-CHAMP_C0__FILLER_L5_s4985,FILLER,5,start,0.0,,,
B01-CHAMP_C0__FILLER_L5_s4985,FILLER,5,end,0.0,,,
B01-CHAMP_C0__FILLER_L5_s4985,FILLER,5,start,0.0,,,
B01-CHAMP_C0__FILLER_L5_s4985,FILLER,5,end,0.0,,,
B01-CHAMP_C0__FILLER_L5_s4985,FILLER,5,start,1.55,,,
B01-CHAMP_C0__FILLER_L5_s4985,FILLER,5,end,0.0,,,
B01-CHAMP_C0__FILLER_L5_s4985,FILLER,5,start,0.0,,,
B01-CHAMP_C0__FILLER_L5_s4985,FILLER,5,end,0.0,,,
B01-CHAMP_C0__FILLER_L5_s4985,FILLER,5,start,0.0,,,
B01-CHAMP_C0__FILLER_L5_s4985,FILLER,5,end,0.0,,,
B01-CHAMP_C0__FILLER_L5_s4985,FILLER,5,start,14.54,,,
B01-CHAMP_C0__FILLER_L5_s4985,FILLER,5,end,0.0,,,
B01-CHAMP_C0__MONOTONE_L1_s8431,MONOTONE,1,start,0.0,0.0,,
B01-CHAMP_C0__MONOTONE_L1_s8431,MONOTONE,1,end,0.0,0.0,0.25,
B01-CHAMP_C0__MONOTONE_L2_s8431,MONOTONE,2,start,0.0,0.0,,
B01-CHAMP_C0__MONOTONE_L2_s8431,MONOTONE,2,end,0.0,0.0,0.33,
B01-CHAMP_C0__MONOTONE_L3_s8431,MONOTONE,3,start,0.0,0.0,,
B01-CHAMP_C0__MONOTONE_L3_s8431,MONOTONE,3,end,1.01,0.0,0.43,
B01-CHAMP_C0__MONOTONE_L4_s8431,MONOTONE,4,start,0.0,0.0,,
B01-CHAMP_C0__MONOTONE_L4_s8431,MONOTONE,4,end,0.0,0.0,0.7,
B01-CHAMP_C0__MONOTONE_L5_s8431,MONOTONE,5,start,0.0,0.0,,
B01-CHAMP_C0__MONOTONE_L5_s8431,MONOTONE,5,end,0.0,0.0,0.92,
B01-CHAMP_C0__MULTI1_L3_s9951,PACE_FAST,3,start,0.0,0.0,,
B01-CHAMP_C0__MULTI1_L3_s9951,PACE_FAST,3,end,3.99,0.85,,
B01-CHAMP_C0__MULTI1_L3_s9951,FADE,3,start,0.34,0.0,,
B01-CHAMP_C0__MULTI1_L3_s9951,FADE,3,end,0.0,0.0,4.12,
B01-CHAMP_C0__MULTI2_L3_s5861,PAUSE_BAD,3,start,0.0,,,
B01-CHAMP_C0__MULTI2_L3_s5861,PAUSE_BAD,3,end,0.0,,,5.99
B01-CHAMP_C0__MULTI2_L3_s5861,MONOTONE,3,start,0.0,0.0,,
B01-CHAMP_C0__MULTI2_L3_s5861,MONOTONE,3,end,1.01,0.0,0.44,
B01-CHAMP_C0__MULTI3_L3_s4211,FILLER,3,start,0.0,3.54,,
B01-CHAMP_C0__MULTI3_L3_s4211,FILLER,3,end,0.0,23.22,,
B01-CHAMP_C0__MULTI3_L3_s4211,FILLER,3,start,0.8,,,
B01-CHAMP_C0__MULTI3_L3_s4211,FILLER,3,end,0.0,,,
B01-CHAMP_C0__MULTI3_L3_s4211,UPTALK,3,start,0.0,0.39,,
B01-CHAMP_C0__MULTI3_L3_s4211,UPTALK,3,end,0.0,3.65,0.61,
B01-CHAMP_C0__MULTI3_L3_s4211,SLUR,3,start,0.0,1.59,,
B01-CHAMP_C0__MULTI3_L3_s4211,SLUR,3,end,0.0,2.97,2.76,
B01-CHAMP_C0__MULTI4_L3_s4704,EMPH_FLAT,3,start,0.0,0.0,,
B01-CHAMP_C0__MULTI4_L3_s4704,EMPH_FLAT,3,end,0.0,0.0,,
B01-CHAMP_C0__MULTI4_L3_s4704,PACE_SLOW,3,start,3.16,0.0,,
B01-CHAMP_C0__MULTI4_L3_s4704,PACE_SLOW,3,end,5.59,0.17,,
B01-CHAMP_C0__MULTI4_L3_s4704,SHOUT,3,start,0.0,3.81,,
B01-CHAMP_C0__MULTI4_L3_s4704,SHOUT,3,end,4.3,0.41,6.95,
B01-CHAMP_C0__MULTI5_L3_s7878,RARE_HESIT,3,start,0.0,3.65,,
B01-CHAMP_C0__MULTI5_L3_s7878,RARE_HESIT,3,end,23.03,20.17,,
B01-CHAMP_C0__MULTI5_L3_s7878,RARE_HESIT,3,start,23.03,20.17,,
B01-CHAMP_C0__MULTI5_L3_s7878,RARE_HESIT,3,end,4.55,0.0,,
B01-CHAMP_C0__MULTI5_L3_s7878,WORD_SWAP,3,start,36.0,0.0,,
B01-CHAMP_C0__MULTI5_L3_s7878,WORD_SWAP,3,end,0.0,4.43,3.43,
B01-CHAMP_C0__MULTI5_L3_s7878,WORD_SWAP,3,start,0.0,0.0,,
B01-CHAMP_C0__MULTI5_L3_s7878,WORD_SWAP,3,end,0.0,16.0,6.69,
B01-CHAMP_C0__MULTI5_L3_s7878,WORD_SWAP,3,start,0.0,0.0,,
B01-CHAMP_C0__MULTI5_L3_s7878,WORD_SWAP,3,end,4.55,9.51,5.67,
B01-CHAMP_C0__MULTI5_L3_s7878,REPEAT,3,start,5.02,,,
B01-CHAMP_C0__MULTI5_L3_s7878,REPEAT,3,end,0.58,,,
B01-CHAMP_C0__PACE_FAST_L1_s7111,PACE_FAST,1,start,8.81,1.25,,
B01-CHAMP_C0__PACE_FAST_L1_s7111,PACE_FAST,1,end,0.0,0.82,,
B01-CHAMP_C0__PACE_FAST_L2_s7111,PACE_FAST,2,start,8.81,1.25,,
B01-CHAMP_C0__PACE_FAST_L2_s7111,PACE_FAST,2,end,0.0,1.05,,
B01-CHAMP_C0__PACE_FAST_L3_s7111,PACE_FAST,3,start,8.81,1.23,,
B01-CHAMP_C0__PACE_FAST_L3_s7111,PACE_FAST,3,end,0.0,0.58,,
B01-CHAMP_C0__PACE_FAST_L4_s7111,PACE_FAST,4,start,8.81,1.23,,
B01-CHAMP_C0__PACE_FAST_L4_s7111,PACE_FAST,4,end,0.0,1.01,,
B01-CHAMP_C0__PACE_FAST_L5_s7111,PACE_FAST,5,start,8.81,1.24,,
B01-CHAMP_C0__PACE_FAST_L5_s7111,PACE_FAST,5,end,0.0,1.79,,
B01-CHAMP_C0__PACE_SLOW_L1_s4414,PACE_SLOW,1,start,8.81,1.2,,
B01-CHAMP_C0__PACE_SLOW_L1_s4414,PACE_SLOW,1,end,0.0,1.34,,
B01-CHAMP_C0__PACE_SLOW_L1_s4414,PACE_SLOW,1,start,3.81,6.27,,
B01-CHAMP_C0__PACE_SLOW_L1_s4414,PACE_SLOW,1,end,1.21,0.0,,
B01-CHAMP_C0__PACE_SLOW_L2_s4414,PACE_SLOW,2,start,8.81,1.19,,
B01-CHAMP_C0__PACE_SLOW_L2_s4414,PACE_SLOW,2,end,0.0,0.0,,
B01-CHAMP_C0__PACE_SLOW_L2_s4414,PACE_SLOW,2,start,3.82,6.28,,
B01-CHAMP_C0__PACE_SLOW_L2_s4414,PACE_SLOW,2,end,0.0,0.0,,
B01-CHAMP_C0__PACE_SLOW_L3_s4414,PACE_SLOW,3,start,8.81,1.18,,
B01-CHAMP_C0__PACE_SLOW_L3_s4414,PACE_SLOW,3,end,0.0,0.0,,
B01-CHAMP_C0__PACE_SLOW_L3_s4414,PACE_SLOW,3,start,3.81,6.27,,
B01-CHAMP_C0__PACE_SLOW_L3_s4414,PACE_SLOW,3,end,2.51,0.0,,
B01-CHAMP_C0__PACE_SLOW_L4_s4414,PACE_SLOW,4,start,8.81,1.16,,
B01-CHAMP_C0__PACE_SLOW_L4_s4414,PACE_SLOW,4,end,0.0,0.01,,
B01-CHAMP_C0__PACE_SLOW_L4_s4414,PACE_SLOW,4,start,3.81,6.27,,
B01-CHAMP_C0__PACE_SLOW_L4_s4414,PACE_SLOW,4,end,0.0,0.0,,
B01-CHAMP_C0__PACE_SLOW_L5_s4414,PACE_SLOW,5,start,8.81,1.14,,
B01-CHAMP_C0__PACE_SLOW_L5_s4414,PACE_SLOW,5,end,0.0,0.83,,
B01-CHAMP_C0__PACE_SLOW_L5_s4414,PACE_SLOW,5,start,3.81,6.27,,
B01-CHAMP_C0__PACE_SLOW_L5_s4414,PACE_SLOW,5,end,0.0,0.0,,
B01-CHAMP_C0__PAUSE_BAD_L1_s3821,PAUSE_BAD,1,start,0.0,1.09,,
B01-CHAMP_C0__PAUSE_BAD_L1_s3821,PAUSE_BAD,1,end,0.0,20.87,3.35,
B01-CHAMP_C0__PAUSE_BAD_L1_s3821,PAUSE_BAD,1,start,0.0,,,
B01-CHAMP_C0__PAUSE_BAD_L1_s3821,PAUSE_BAD,1,end,0.0,,,7.28
B01-CHAMP_C0__PAUSE_BAD_L1_s3821,PAUSE_BAD,1,start,7.41,,,
B01-CHAMP_C0__PAUSE_BAD_L1_s3821,PAUSE_BAD,1,end,0.0,,,5.7
B01-CHAMP_C0__PAUSE_BAD_L2_s3821,PAUSE_BAD,2,start,0.0,1.11,,
B01-CHAMP_C0__PAUSE_BAD_L2_s3821,PAUSE_BAD,2,end,0.0,21.06,2.48,
B01-CHAMP_C0__PAUSE_BAD_L2_s3821,PAUSE_BAD,2,start,0.0,,,
B01-CHAMP_C0__PAUSE_BAD_L2_s3821,PAUSE_BAD,2,end,7.54,,,6.68
B01-CHAMP_C0__PAUSE_BAD_L2_s3821,PAUSE_BAD,2,start,9.18,,,
B01-CHAMP_C0__PAUSE_BAD_L2_s3821,PAUSE_BAD,2,end,0.0,,,4.78
B01-CHAMP_C0__PAUSE_BAD_L3_s3821,PAUSE_BAD,3,start,0.0,1.02,,
B01-CHAMP_C0__PAUSE_BAD_L3_s3821,PAUSE_BAD,3,end,0.0,20.7,2.56,
B01-CHAMP_C0__PAUSE_BAD_L3_s3821,PAUSE_BAD,3,start,0.0,,,
B01-CHAMP_C0__PAUSE_BAD_L3_s3821,PAUSE_BAD,3,end,0.0,,,5.55
B01-CHAMP_C0__PAUSE_BAD_L3_s3821,PAUSE_BAD,3,start,7.62,,,
B01-CHAMP_C0__PAUSE_BAD_L3_s3821,PAUSE_BAD,3,end,0.0,,,4.98
B01-CHAMP_C0__PAUSE_BAD_L4_s3821,PAUSE_BAD,4,start,0.0,0.69,,
B01-CHAMP_C0__PAUSE_BAD_L4_s3821,PAUSE_BAD,4,end,0.0,20.92,2.36,
B01-CHAMP_C0__PAUSE_BAD_L4_s3821,PAUSE_BAD,4,start,0.0,,,
B01-CHAMP_C0__PAUSE_BAD_L4_s3821,PAUSE_BAD,4,end,1.82,,,5.26
B01-CHAMP_C0__PAUSE_BAD_L4_s3821,PAUSE_BAD,4,start,7.62,,,
B01-CHAMP_C0__PAUSE_BAD_L4_s3821,PAUSE_BAD,4,end,0.0,,,5.49
B01-CHAMP_C0__PAUSE_BAD_L5_s3821,PAUSE_BAD,5,start,0.0,0.7,,
B01-CHAMP_C0__PAUSE_BAD_L5_s3821,PAUSE_BAD,5,end,0.0,20.84,2.55,
B01-CHAMP_C0__PAUSE_BAD_L5_s3821,PAUSE_BAD,5,start,0.0,,,
B01-CHAMP_C0__PAUSE_BAD_L5_s3821,PAUSE_BAD,5,end,1.13,,,5.18
B01-CHAMP_C0__PAUSE_BAD_L5_s3821,PAUSE_BAD,5,start,7.45,,,
B01-CHAMP_C0__PAUSE_BAD_L5_s3821,PAUSE_BAD,5,end,0.0,,,5.64
B01-CHAMP_C0__PAUSE_LOST_L1_s5923,PAUSE_LOST,1,start,0.0,0.0,,
B01-CHAMP_C0__PAUSE_LOST_L1_s5923,PAUSE_LOST,1,end,3.05,2.28,,
B01-CHAMP_C0__PAUSE_LOST_L2_s5923,PAUSE_LOST,2,start,0.0,0.0,,
B01-CHAMP_C0__PAUSE_LOST_L2_s5923,PAUSE_LOST,2,end,0.0,2.23,,
B01-CHAMP_C0__PAUSE_LOST_L3_s5923,PAUSE_LOST,3,start,0.0,0.0,,
B01-CHAMP_C0__PAUSE_LOST_L3_s5923,PAUSE_LOST,3,end,3.09,2.2,,
B01-CHAMP_C0__PAUSE_LOST_L4_s5923,PAUSE_LOST,4,start,0.0,0.1,,
B01-CHAMP_C0__PAUSE_LOST_L4_s5923,PAUSE_LOST,4,end,0.0,0.0,,
B01-CHAMP_C0__PAUSE_LOST_L5_s5923,PAUSE_LOST,5,start,0.0,1.71,,
B01-CHAMP_C0__PAUSE_LOST_L5_s5923,PAUSE_LOST,5,end,0.0,0.0,,
B01-CHAMP_C0__PURE_EMPH_FLAT_L1_s0301,EMPH_FLAT,1,start,0.0,0.0,,
B01-CHAMP_C0__PURE_EMPH_FLAT_L1_s0301,EMPH_FLAT,1,end,0.21,0.0,,
B01-CHAMP_C0__PURE_EMPH_FLAT_L1_s0301,EMPH_FLAT,1,start,6.2,1.18,,
B01-CHAMP_C0__PURE_EMPH_FLAT_L1_s0301,EMPH_FLAT,1,end,0.0,4.93,,
B01-CHAMP_C0__PURE_EMPH_FLAT_L2_s0301,EMPH_FLAT,2,start,0.0,0.0,,
B01-CHAMP_C0__PURE_EMPH_FLAT_L2_s0301,EMPH_FLAT,2,end,0.24,0.0,,
B01-CHAMP_C0__PURE_EMPH_FLAT_L2_s0301,EMPH_FLAT,2,start,6.19,1.19,,
B01-CHAMP_C0__PURE_EMPH_FLAT_L2_s0301,EMPH_FLAT,2,end,0.0,2.39,,
B01-CHAMP_C0__PURE_EMPH_FLAT_L3_s0301,EMPH_FLAT,3,start,0.0,0.0,,
B01-CHAMP_C0__PURE_EMPH_FLAT_L3_s0301,EMPH_FLAT,3,end,0.0,0.0,,
B01-CHAMP_C0__PURE_EMPH_FLAT_L3_s0301,EMPH_FLAT,3,start,6.18,1.21,,
B01-CHAMP_C0__PURE_EMPH_FLAT_L3_s0301,EMPH_FLAT,3,end,0.0,3.83,,
B01-CHAMP_C0__PURE_EMPH_FLAT_L4_s0301,EMPH_FLAT,4,start,0.0,0.0,,
B01-CHAMP_C0__PURE_EMPH_FLAT_L4_s0301,EMPH_FLAT,4,end,0.0,0.0,,
B01-CHAMP_C0__PURE_EMPH_FLAT_L4_s0301,EMPH_FLAT,4,start,6.19,1.19,,
B01-CHAMP_C0__PURE_EMPH_FLAT_L4_s0301,EMPH_FLAT,4,end,0.0,3.87,,
B01-CHAMP_C0__PURE_EMPH_FLAT_L5_s0301,EMPH_FLAT,5,start,0.0,0.0,,
B01-CHAMP_C0__PURE_EMPH_FLAT_L5_s0301,EMPH_FLAT,5,end,0.43,0.0,,
B01-CHAMP_C0__PURE_EMPH_FLAT_L5_s0301,EMPH_FLAT,5,start,6.18,1.21,,
B01-CHAMP_C0__PURE_EMPH_FLAT_L5_s0301,EMPH_FLAT,5,end,0.0,3.95,,
B01-CHAMP_C0__PURE_FADE_L1_s7160,FADE,1,start,0.0,1.89,,
B01-CHAMP_C0__PURE_FADE_L1_s7160,FADE,1,end,0.0,0.2,1.27,
B01-CHAMP_C0__PURE_FADE_L2_s7160,FADE,2,start,0.0,1.9,,
B01-CHAMP_C0__PURE_FADE_L2_s7160,FADE,2,end,0.0,2.75,2.63,
B01-CHAMP_C0__PURE_FADE_L3_s7160,FADE,3,start,0.0,1.9,,
B01-CHAMP_C0__PURE_FADE_L3_s7160,FADE,3,end,0.0,6.28,4.43,
B01-CHAMP_C0__PURE_FADE_L4_s7160,FADE,4,start,0.0,1.9,,
B01-CHAMP_C0__PURE_FADE_L4_s7160,FADE,4,end,0.0,10.75,6.63,
B01-CHAMP_C0__PURE_FADE_L5_s7160,FADE,5,start,0.0,1.91,,
B01-CHAMP_C0__PURE_FADE_L5_s7160,FADE,5,end,0.0,15.1,8.78,
B01-CHAMP_C0__PURE_FILLER_L1_s6677,FILLER,1,start,0.0,,,
B01-CHAMP_C0__PURE_FILLER_L1_s6677,FILLER,1,end,0.0,,,
B01-CHAMP_C0__PURE_FILLER_L1_s6677,FILLER,1,start,1.54,,,
B01-CHAMP_C0__PURE_FILLER_L1_s6677,FILLER,1,end,0.0,,,
B01-CHAMP_C0__PURE_FILLER_L2_s6677,FILLER,2,start,0.0,,,
B01-CHAMP_C0__PURE_FILLER_L2_s6677,FILLER,2,end,0.0,,,
B01-CHAMP_C0__PURE_FILLER_L2_s6677,FILLER,2,start,3.19,,,
B01-CHAMP_C0__PURE_FILLER_L2_s6677,FILLER,2,end,0.0,,,
B01-CHAMP_C0__PURE_FILLER_L2_s6677,FILLER,2,start,21.58,,,
B01-CHAMP_C0__PURE_FILLER_L2_s6677,FILLER,2,end,2.18,,,
B01-CHAMP_C0__PURE_FILLER_L2_s6677,FILLER,2,start,1.54,,,
B01-CHAMP_C0__PURE_FILLER_L2_s6677,FILLER,2,end,0.0,,,
B01-CHAMP_C0__PURE_FILLER_L3_s6677,FILLER,3,start,0.0,,,
B01-CHAMP_C0__PURE_FILLER_L3_s6677,FILLER,3,end,0.68,,,
B01-CHAMP_C0__PURE_FILLER_L3_s6677,FILLER,3,start,0.0,,,
B01-CHAMP_C0__PURE_FILLER_L3_s6677,FILLER,3,end,0.0,,,
B01-CHAMP_C0__PURE_FILLER_L3_s6677,FILLER,3,start,3.2,,,
B01-CHAMP_C0__PURE_FILLER_L3_s6677,FILLER,3,end,0.0,,,
B01-CHAMP_C0__PURE_FILLER_L3_s6677,FILLER,3,start,21.58,,,
B01-CHAMP_C0__PURE_FILLER_L3_s6677,FILLER,3,end,2.18,,,
B01-CHAMP_C0__PURE_FILLER_L3_s6677,FILLER,3,start,0.0,,,
B01-CHAMP_C0__PURE_FILLER_L3_s6677,FILLER,3,end,0.0,,,
B01-CHAMP_C0__PURE_FILLER_L3_s6677,FILLER,3,start,1.54,,,
B01-CHAMP_C0__PURE_FILLER_L3_s6677,FILLER,3,end,0.0,,,
B01-CHAMP_C0__PURE_FILLER_L4_s6677,FILLER,4,start,0.0,,,
B01-CHAMP_C0__PURE_FILLER_L4_s6677,FILLER,4,end,0.88,,,
B01-CHAMP_C0__PURE_FILLER_L4_s6677,FILLER,4,start,0.0,,,
B01-CHAMP_C0__PURE_FILLER_L4_s6677,FILLER,4,end,0.66,,,
B01-CHAMP_C0__PURE_FILLER_L4_s6677,FILLER,4,start,0.0,,,
B01-CHAMP_C0__PURE_FILLER_L4_s6677,FILLER,4,end,0.0,,,
B01-CHAMP_C0__PURE_FILLER_L4_s6677,FILLER,4,start,0.0,,,
B01-CHAMP_C0__PURE_FILLER_L4_s6677,FILLER,4,end,0.0,,,
B01-CHAMP_C0__PURE_FILLER_L4_s6677,FILLER,4,start,3.19,,,
B01-CHAMP_C0__PURE_FILLER_L4_s6677,FILLER,4,end,0.0,,,
B01-CHAMP_C0__PURE_FILLER_L4_s6677,FILLER,4,start,21.58,,,
B01-CHAMP_C0__PURE_FILLER_L4_s6677,FILLER,4,end,2.18,,,
B01-CHAMP_C0__PURE_FILLER_L4_s6677,FILLER,4,start,0.0,,,
B01-CHAMP_C0__PURE_FILLER_L4_s6677,FILLER,4,end,0.0,,,
B01-CHAMP_C0__PURE_FILLER_L4_s6677,FILLER,4,start,0.0,,,
B01-CHAMP_C0__PURE_FILLER_L4_s6677,FILLER,4,end,0.0,,,
B01-CHAMP_C0__PURE_FILLER_L4_s6677,FILLER,4,start,1.55,,,
B01-CHAMP_C0__PURE_FILLER_L4_s6677,FILLER,4,end,0.0,,,
B01-CHAMP_C0__PURE_FILLER_L4_s6677,FILLER,4,start,0.0,,,
B01-CHAMP_C0__PURE_FILLER_L4_s6677,FILLER,4,end,0.0,,,
B01-CHAMP_C0__PURE_FILLER_L5_s6677,FILLER,5,start,0.0,,,
B01-CHAMP_C0__PURE_FILLER_L5_s6677,FILLER,5,end,0.88,,,
B01-CHAMP_C0__PURE_FILLER_L5_s6677,FILLER,5,start,0.0,,,
B01-CHAMP_C0__PURE_FILLER_L5_s6677,FILLER,5,end,0.66,,,
B01-CHAMP_C0__PURE_FILLER_L5_s6677,FILLER,5,start,0.0,,,
B01-CHAMP_C0__PURE_FILLER_L5_s6677,FILLER,5,end,0.0,,,
B01-CHAMP_C0__PURE_FILLER_L5_s6677,FILLER,5,start,0.0,,,
B01-CHAMP_C0__PURE_FILLER_L5_s6677,FILLER,5,end,1.66,,,
B01-CHAMP_C0__PURE_FILLER_L5_s6677,FILLER,5,start,0.0,,,
B01-CHAMP_C0__PURE_FILLER_L5_s6677,FILLER,5,end,0.0,,,
B01-CHAMP_C0__PURE_FILLER_L5_s6677,FILLER,5,start,0.0,,,
B01-CHAMP_C0__PURE_FILLER_L5_s6677,FILLER,5,end,0.0,,,
B01-CHAMP_C0__PURE_FILLER_L5_s6677,FILLER,5,start,4.83,,,
B01-CHAMP_C0__PURE_FILLER_L5_s6677,FILLER,5,end,10.99,,,
B01-CHAMP_C0__PURE_FILLER_L5_s6677,FILLER,5,start,0.0,,,
B01-CHAMP_C0__PURE_FILLER_L5_s6677,FILLER,5,end,0.0,,,
B01-CHAMP_C0__PURE_FILLER_L5_s6677,FILLER,5,start,3.2,,,
B01-CHAMP_C0__PURE_FILLER_L5_s6677,FILLER,5,end,0.0,,,
B01-CHAMP_C0__PURE_FILLER_L5_s6677,FILLER,5,start,0.0,,,
B01-CHAMP_C0__PURE_FILLER_L5_s6677,FILLER,5,end,0.0,,,
B01-CHAMP_C0__PURE_FILLER_L5_s6677,FILLER,5,start,21.58,,,
B01-CHAMP_C0__PURE_FILLER_L5_s6677,FILLER,5,end,2.18,,,
B01-CHAMP_C0__PURE_FILLER_L5_s6677,FILLER,5,start,0.0,,,
B01-CHAMP_C0__PURE_FILLER_L5_s6677,FILLER,5,end,0.0,,,
B01-CHAMP_C0__PURE_FILLER_L5_s6677,FILLER,5,start,0.0,,,
B01-CHAMP_C0__PURE_FILLER_L5_s6677,FILLER,5,end,0.0,,,
B01-CHAMP_C0__PURE_FILLER_L5_s6677,FILLER,5,start,1.55,,,
B01-CHAMP_C0__PURE_FILLER_L5_s6677,FILLER,5,end,0.0,,,
B01-CHAMP_C0__PURE_FILLER_L5_s6677,FILLER,5,start,0.0,,,
B01-CHAMP_C0__PURE_FILLER_L5_s6677,FILLER,5,end,0.0,,,
B01-CHAMP_C0__PURE_FILLER_L5_s6677,FILLER,5,start,0.0,,,
B01-CHAMP_C0__PURE_FILLER_L5_s6677,FILLER,5,end,0.0,,,
B01-CHAMP_C0__PURE_FILLER_L5_s6677,FILLER,5,start,14.54,,,
B01-CHAMP_C0__PURE_FILLER_L5_s6677,FILLER,5,end,0.0,,,
B01-CHAMP_C0__PURE_MONOTONE_L1_s8063,MONOTONE,1,start,0.0,0.0,,
B01-CHAMP_C0__PURE_MONOTONE_L1_s8063,MONOTONE,1,end,0.0,0.0,0.25,
B01-CHAMP_C0__PURE_MONOTONE_L2_s8063,MONOTONE,2,start,0.0,0.0,,
B01-CHAMP_C0__PURE_MONOTONE_L2_s8063,MONOTONE,2,end,0.0,0.0,0.33,
B01-CHAMP_C0__PURE_MONOTONE_L3_s8063,MONOTONE,3,start,0.0,0.0,,
B01-CHAMP_C0__PURE_MONOTONE_L3_s8063,MONOTONE,3,end,1.01,0.0,0.43,
B01-CHAMP_C0__PURE_MONOTONE_L4_s8063,MONOTONE,4,start,0.0,0.0,,
B01-CHAMP_C0__PURE_MONOTONE_L4_s8063,MONOTONE,4,end,0.0,0.0,0.7,
B01-CHAMP_C0__PURE_MONOTONE_L5_s8063,MONOTONE,5,start,0.0,0.0,,
B01-CHAMP_C0__PURE_MONOTONE_L5_s8063,MONOTONE,5,end,0.0,0.0,0.92,
B01-CHAMP_C0__PURE_PACE_FAST_L1_s0497,PACE_FAST,1,start,8.84,1.33,,
B01-CHAMP_C0__PURE_PACE_FAST_L1_s0497,PACE_FAST,1,end,0.0,1.2,,
B01-CHAMP_C0__PURE_PACE_FAST_L2_s0497,PACE_FAST,2,start,8.87,1.44,,
B01-CHAMP_C0__PURE_PACE_FAST_L2_s0497,PACE_FAST,2,end,0.0,1.22,,
B01-CHAMP_C0__PURE_PACE_FAST_L3_s0497,PACE_FAST,3,start,8.87,1.08,,
B01-CHAMP_C0__PURE_PACE_FAST_L3_s0497,PACE_FAST,3,end,0.0,0.87,,
B01-CHAMP_C0__PURE_PACE_FAST_L4_s0497,PACE_FAST,4,start,8.88,0.68,,
B01-CHAMP_C0__PURE_PACE_FAST_L4_s0497,PACE_FAST,4,end,0.0,1.12,,
B01-CHAMP_C0__PURE_PACE_FAST_L5_s0497,PACE_FAST,5,start,8.88,0.43,,
B01-CHAMP_C0__PURE_PACE_FAST_L5_s0497,PACE_FAST,5,end,0.0,0.82,,
B01-CHAMP_C0__PURE_PACE_SLOW_L1_s4088,PACE_SLOW,1,start,8.81,1.1,,
B01-CHAMP_C0__PURE_PACE_SLOW_L1_s4088,PACE_SLOW,1,end,0.0,0.56,,
B01-CHAMP_C0__PURE_PACE_SLOW_L1_s4088,PACE_SLOW,1,start,3.82,6.27,,
B01-CHAMP_C0__PURE_PACE_SLOW_L1_s4088,PACE_SLOW,1,end,0.0,0.0,,
B01-CHAMP_C0__PURE_PACE_SLOW_L2_s4088,PACE_SLOW,2,start,8.81,0.89,,
B01-CHAMP_C0__PURE_PACE_SLOW_L2_s4088,PACE_SLOW,2,end,0.0,0.6,,
B01-CHAMP_C0__PURE_PACE_SLOW_L2_s4088,PACE_SLOW,2,start,3.82,6.27,,
B01-CHAMP_C0__PURE_PACE_SLOW_L2_s4088,PACE_SLOW,2,end,0.0,0.0,,
B01-CHAMP_C0__PURE_PACE_SLOW_L3_s4088,PACE_SLOW,3,start,8.82,0.47,,
B01-CHAMP_C0__PURE_PACE_SLOW_L3_s4088,PACE_SLOW,3,end,0.06,0.04,,
B01-CHAMP_C0__PURE_PACE_SLOW_L3_s4088,PACE_SLOW,3,start,3.82,6.27,,
B01-CHAMP_C0__PURE_PACE_SLOW_L3_s4088,PACE_SLOW,3,end,0.0,0.0,,
B01-CHAMP_C0__PURE_PACE_SLOW_L4_s4088,PACE_SLOW,4,start,8.82,0.14,,
B01-CHAMP_C0__PURE_PACE_SLOW_L4_s4088,PACE_SLOW,4,end,0.0,0.49,,
B01-CHAMP_C0__PURE_PACE_SLOW_L4_s4088,PACE_SLOW,4,start,4.05,6.21,,
B01-CHAMP_C0__PURE_PACE_SLOW_L4_s4088,PACE_SLOW,4,end,0.0,0.0,,
B01-CHAMP_C0__PURE_PACE_SLOW_L5_s4088,PACE_SLOW,5,start,8.79,0.0,,
B01-CHAMP_C0__PURE_PACE_SLOW_L5_s4088,PACE_SLOW,5,end,0.11,0.1,,
B01-CHAMP_C0__PURE_PACE_SLOW_L5_s4088,PACE_SLOW,5,start,4.32,3.69,,
B01-CHAMP_C0__PURE_PACE_SLOW_L5_s4088,PACE_SLOW,5,end,0.0,0.0,,
B01-CHAMP_C0__PURE_PAUSE_BAD_L1_s5979,PAUSE_BAD,1,start,0.0,,,
B01-CHAMP_C0__PURE_PAUSE_BAD_L1_s5979,PAUSE_BAD,1,end,0.0,,,7.28
B01-CHAMP_C0__PURE_PAUSE_BAD_L1_s5979,PAUSE_BAD,1,start,7.42,,,
B01-CHAMP_C0__PURE_PAUSE_BAD_L1_s5979,PAUSE_BAD,1,end,0.0,,,5.71
B01-CHAMP_C0__PURE_PAUSE_BAD_L2_s5979,PAUSE_BAD,2,start,0.0,,,
B01-CHAMP_C0__PURE_PAUSE_BAD_L2_s5979,PAUSE_BAD,2,end,7.54,,,6.68
B01-CHAMP_C0__PURE_PAUSE_BAD_L2_s5979,PAUSE_BAD,2,start,9.18,,,
B01-CHAMP_C0__PURE_PAUSE_BAD_L2_s5979,PAUSE_BAD,2,end,0.0,,,4.78
B01-CHAMP_C0__PURE_PAUSE_BAD_L3_s5979,PAUSE_BAD,3,start,0.0,,,
B01-CHAMP_C0__PURE_PAUSE_BAD_L3_s5979,PAUSE_BAD,3,end,0.0,,,5.55
B01-CHAMP_C0__PURE_PAUSE_BAD_L3_s5979,PAUSE_BAD,3,start,7.62,,,
B01-CHAMP_C0__PURE_PAUSE_BAD_L3_s5979,PAUSE_BAD,3,end,0.0,,,4.98
B01-CHAMP_C0__PURE_PAUSE_BAD_L4_s5979,PAUSE_BAD,4,start,0.0,,,
B01-CHAMP_C0__PURE_PAUSE_BAD_L4_s5979,PAUSE_BAD,4,end,1.85,,,5.26
B01-CHAMP_C0__PURE_PAUSE_BAD_L4_s5979,PAUSE_BAD,4,start,7.62,,,
B01-CHAMP_C0__PURE_PAUSE_BAD_L4_s5979,PAUSE_BAD,4,end,0.0,,,5.49
B01-CHAMP_C0__PURE_PAUSE_BAD_L5_s5979,PAUSE_BAD,5,start,0.0,,,
B01-CHAMP_C0__PURE_PAUSE_BAD_L5_s5979,PAUSE_BAD,5,end,1.08,,,5.18
B01-CHAMP_C0__PURE_PAUSE_BAD_L5_s5979,PAUSE_BAD,5,start,7.45,,,
B01-CHAMP_C0__PURE_PAUSE_BAD_L5_s5979,PAUSE_BAD,5,end,0.0,,,5.65
B01-CHAMP_C0__PURE_PAUSE_LOST_L1_s6115,PAUSE_LOST,1,start,0.0,0.0,,
B01-CHAMP_C0__PURE_PAUSE_LOST_L1_s6115,PAUSE_LOST,1,end,3.05,2.28,,
B01-CHAMP_C0__PURE_PAUSE_LOST_L2_s6115,PAUSE_LOST,2,start,0.0,0.0,,
B01-CHAMP_C0__PURE_PAUSE_LOST_L2_s6115,PAUSE_LOST,2,end,0.0,2.23,,
B01-CHAMP_C0__PURE_PAUSE_LOST_L3_s6115,PAUSE_LOST,3,start,0.0,0.0,,
B01-CHAMP_C0__PURE_PAUSE_LOST_L3_s6115,PAUSE_LOST,3,end,3.09,2.2,,
B01-CHAMP_C0__PURE_PAUSE_LOST_L4_s6115,PAUSE_LOST,4,start,0.0,0.1,,
B01-CHAMP_C0__PURE_PAUSE_LOST_L4_s6115,PAUSE_LOST,4,end,0.0,0.0,,
B01-CHAMP_C0__PURE_PAUSE_LOST_L5_s6115,PAUSE_LOST,5,start,0.0,1.71,,
B01-CHAMP_C0__PURE_PAUSE_LOST_L5_s6115,PAUSE_LOST,5,end,0.0,0.0,,
B01-CHAMP_C0__PURE_RARE_HESIT_L1_s8505,RARE_HESIT,1,start,21.75,18.05,,
B01-CHAMP_C0__PURE_RARE_HESIT_L1_s8505,RARE_HESIT,1,end,4.13,0.0,,
B01-CHAMP_C0__PURE_RARE_HESIT_L2_s8505,RARE_HESIT,2,start,0.0,5.02,,
B01-CHAMP_C0__PURE_RARE_HESIT_L2_s8505,RARE_HESIT,2,end,23.09,17.35,,
B01-CHAMP_C0__PURE_RARE_HESIT_L2_s8505,RARE_HESIT,2,start,23.09,17.35,,
B01-CHAMP_C0__PURE_RARE_HESIT_L2_s8505,RARE_HESIT,2,end,4.49,0.0,,
B01-CHAMP_C0__PURE_RARE_HESIT_L3_s8505,RARE_HESIT,3,start,0.0,3.65,,
B01-CHAMP_C0__PURE_RARE_HESIT_L3_s8505,RARE_HESIT,3,end,22.45,19.83,,
B01-CHAMP_C0__PURE_RARE_HESIT_L3_s8505,RARE_HESIT,3,start,22.45,19.83,,
B01-CHAMP_C0__PURE_RARE_HESIT_L3_s8505,RARE_HESIT,3,end,4.54,0.0,,
B01-CHAMP_C0__PURE_RARE_HESIT_L4_s8505,RARE_HESIT,4,start,0.0,5.38,,
B01-CHAMP_C0__PURE_RARE_HESIT_L4_s8505,RARE_HESIT,4,end,23.62,14.34,,
B01-CHAMP_C0__PURE_RARE_HESIT_L4_s8505,RARE_HESIT,4,start,23.62,14.34,,
B01-CHAMP_C0__PURE_RARE_HESIT_L4_s8505,RARE_HESIT,4,end,0.0,0.0,,
B01-CHAMP_C0__PURE_RARE_HESIT_L5_s8505,RARE_HESIT,5,start,0.29,5.51,,
B01-CHAMP_C0__PURE_RARE_HESIT_L5_s8505,RARE_HESIT,5,end,21.63,20.28,,
B01-CHAMP_C0__PURE_RARE_HESIT_L5_s8505,RARE_HESIT,5,start,21.63,20.28,,
B01-CHAMP_C0__PURE_RARE_HESIT_L5_s8505,RARE_HESIT,5,end,3.93,0.0,,
B01-CHAMP_C0__PURE_REPEAT_L1_s3920,REPEAT,1,start,0.0,,,
B01-CHAMP_C0__PURE_REPEAT_L1_s3920,REPEAT,1,end,0.0,,,
B01-CHAMP_C0__PURE_REPEAT_L2_s3920,REPEAT,2,start,0.0,,,
B01-CHAMP_C0__PURE_REPEAT_L2_s3920,REPEAT,2,end,0.0,,,
B01-CHAMP_C0__PURE_REPEAT_L3_s3920,REPEAT,3,start,0.0,,,
B01-CHAMP_C0__PURE_REPEAT_L3_s3920,REPEAT,3,end,0.0,,,
B01-CHAMP_C0__PURE_REPEAT_L4_s3920,REPEAT,4,start,0.0,,,
B01-CHAMP_C0__PURE_REPEAT_L4_s3920,REPEAT,4,end,0.0,,,
B01-CHAMP_C0__PURE_REPEAT_L5_s3920,REPEAT,5,start,0.0,,,
B01-CHAMP_C0__PURE_REPEAT_L5_s3920,REPEAT,5,end,0.0,,,
B01-CHAMP_C0__PURE_SHOUT_L1_s2638,SHOUT,1,start,2.08,3.12,,
B01-CHAMP_C0__PURE_SHOUT_L1_s2638,SHOUT,1,end,0.0,8.31,3.22,
B01-CHAMP_C0__PURE_SHOUT_L2_s2638,SHOUT,2,start,1.24,5.06,,
B01-CHAMP_C0__PURE_SHOUT_L2_s2638,SHOUT,2,end,0.0,10.05,5.11,
B01-CHAMP_C0__PURE_SHOUT_L3_s2638,SHOUT,3,start,2.97,0.0,,
B01-CHAMP_C0__PURE_SHOUT_L3_s2638,SHOUT,3,end,3.45,0.0,5.23,
B01-CHAMP_C0__PURE_SHOUT_L4_s2638,SHOUT,4,start,2.96,0.0,,
B01-CHAMP_C0__PURE_SHOUT_L4_s2638,SHOUT,4,end,4.35,0.0,7.78,
B01-CHAMP_C0__PURE_SHOUT_L5_s2638,SHOUT,5,start,2.95,0.0,,
B01-CHAMP_C0__PURE_SHOUT_L5_s2638,SHOUT,5,end,5.09,0.4,10.6,
B01-CHAMP_C0__PURE_SLUR_L1_s7409,SLUR,1,start,8.82,1.25,,
B01-CHAMP_C0__PURE_SLUR_L1_s7409,SLUR,1,end,0.0,0.69,1.08,
B01-CHAMP_C0__PURE_SLUR_L1_s7409,SLUR,1,start,3.33,0.0,,
B01-CHAMP_C0__PURE_SLUR_L1_s7409,SLUR,1,end,1.58,0.0,0.97,
B01-CHAMP_C0__PURE_SLUR_L1_s7409,SLUR,1,start,6.21,0.0,,
B01-CHAMP_C0__PURE_SLUR_L1_s7409,SLUR,1,end,0.0,0.0,1.02,
B01-CHAMP_C0__PURE_SLUR_L2_s7409,SLUR,2,start,8.83,1.24,,
B01-CHAMP_C0__PURE_SLUR_L2_s7409,SLUR,2,end,0.0,0.58,2.05,
B01-CHAMP_C0__PURE_SLUR_L2_s7409,SLUR,2,start,3.48,0.05,,
B01-CHAMP_C0__PURE_SLUR_L2_s7409,SLUR,2,end,1.59,0.0,1.91,
B01-CHAMP_C0__PURE_SLUR_L2_s7409,SLUR,2,start,6.51,0.0,,
B01-CHAMP_C0__PURE_SLUR_L2_s7409,SLUR,2,end,0.0,0.0,1.98,
B01-CHAMP_C0__PURE_SLUR_L3_s7409,SLUR,3,start,8.84,1.24,,
B01-CHAMP_C0__PURE_SLUR_L3_s7409,SLUR,3,end,0.0,0.5,2.96,
B01-CHAMP_C0__PURE_SLUR_L3_s7409,SLUR,3,start,3.69,0.14,,
B01-CHAMP_C0__PURE_SLUR_L3_s7409,SLUR,3,end,1.15,0.0,2.76,
B01-CHAMP_C0__PURE_SLUR_L3_s7409,SLUR,3,start,6.78,0.0,,
B01-CHAMP_C0__PURE_SLUR_L3_s7409,SLUR,3,end,0.0,0.0,2.87,
B01-CHAMP_C0__PURE_SLUR_L4_s7409,SLUR,4,start,8.85,1.24,,
B01-CHAMP_C0__PURE_SLUR_L4_s7409,SLUR,4,end,0.0,0.43,4.33,
B01-CHAMP_C0__PURE_SLUR_L4_s7409,SLUR,4,start,4.01,0.22,,
B01-CHAMP_C0__PURE_SLUR_L4_s7409,SLUR,4,end,1.15,0.0,4.12,
B01-CHAMP_C0__PURE_SLUR_L4_s7409,SLUR,4,start,7.03,0.0,,
B01-CHAMP_C0__PURE_SLUR_L4_s7409,SLUR,4,end,0.0,0.0,4.24,
B01-CHAMP_C0__PURE_SLUR_L5_s7409,SLUR,5,start,8.85,1.24,,
B01-CHAMP_C0__PURE_SLUR_L5_s7409,SLUR,5,end,0.0,0.39,5.68,
B01-CHAMP_C0__PURE_SLUR_L5_s7409,SLUR,5,start,4.14,0.27,,
B01-CHAMP_C0__PURE_SLUR_L5_s7409,SLUR,5,end,1.15,0.0,5.46,
B01-CHAMP_C0__PURE_SLUR_L5_s7409,SLUR,5,start,7.21,0.0,,
B01-CHAMP_C0__PURE_SLUR_L5_s7409,SLUR,5,end,0.0,0.0,5.59,
B01-CHAMP_C0__PURE_UPTALK_L1_s5705,UPTALK,1,start,2.83,0.43,,
B01-CHAMP_C0__PURE_UPTALK_L1_s5705,UPTALK,1,end,7.81,0.0,0.28,
B01-CHAMP_C0__PURE_UPTALK_L1_s5705,UPTALK,1,start,0.0,0.74,,
B01-CHAMP_C0__PURE_UPTALK_L1_s5705,UPTALK,1,end,1.36,0.8,0.17,
B01-CHAMP_C0__PURE_UPTALK_L1_s5705,UPTALK,1,start,3.12,0.0,,
B01-CHAMP_C0__PURE_UPTALK_L1_s5705,UPTALK,1,end,0.45,0.19,0.41,
B01-CHAMP_C0__PURE_UPTALK_L2_s5705,UPTALK,2,start,2.83,0.43,,
B01-CHAMP_C0__PURE_UPTALK_L2_s5705,UPTALK,2,end,10.24,0.0,0.27,
B01-CHAMP_C0__PURE_UPTALK_L2_s5705,UPTALK,2,start,0.0,0.75,,
B01-CHAMP_C0__PURE_UPTALK_L2_s5705,UPTALK,2,end,0.0,1.44,0.18,
B01-CHAMP_C0__PURE_UPTALK_L2_s5705,UPTALK,2,start,3.13,0.0,,
B01-CHAMP_C0__PURE_UPTALK_L2_s5705,UPTALK,2,end,0.74,0.8,0.39,
B01-CHAMP_C0__PURE_UPTALK_L3_s5705,UPTALK,3,start,2.83,0.43,,
B01-CHAMP_C0__PURE_UPTALK_L3_s5705,UPTALK,3,end,7.05,0.0,0.26,
B01-CHAMP_C0__PURE_UPTALK_L3_s5705,UPTALK,3,start,0.0,0.74,,
B01-CHAMP_C0__PURE_UPTALK_L3_s5705,UPTALK,3,end,0.0,1.57,0.18,
B01-CHAMP_C0__PURE_UPTALK_L3_s5705,UPTALK,3,start,3.13,0.0,,
B01-CHAMP_C0__PURE_UPTALK_L3_s5705,UPTALK,3,end,0.0,0.11,0.41,
B01-CHAMP_C0__PURE_UPTALK_L4_s5705,UPTALK,4,start,2.83,0.43,,
B01-CHAMP_C0__PURE_UPTALK_L4_s5705,UPTALK,4,end,6.77,0.0,0.31,
B01-CHAMP_C0__PURE_UPTALK_L4_s5705,UPTALK,4,start,0.0,0.74,,
B01-CHAMP_C0__PURE_UPTALK_L4_s5705,UPTALK,4,end,1.44,2.27,0.18,
B01-CHAMP_C0__PURE_UPTALK_L4_s5705,UPTALK,4,start,3.22,0.0,,
B01-CHAMP_C0__PURE_UPTALK_L4_s5705,UPTALK,4,end,0.0,0.0,0.41,
B01-CHAMP_C0__PURE_UPTALK_L5_s5705,UPTALK,5,start,2.83,0.43,,
B01-CHAMP_C0__PURE_UPTALK_L5_s5705,UPTALK,5,end,7.13,0.0,0.33,
B01-CHAMP_C0__PURE_UPTALK_L5_s5705,UPTALK,5,start,0.0,0.74,,
B01-CHAMP_C0__PURE_UPTALK_L5_s5705,UPTALK,5,end,0.78,1.93,0.19,
B01-CHAMP_C0__PURE_UPTALK_L5_s5705,UPTALK,5,start,3.22,0.0,,
B01-CHAMP_C0__PURE_UPTALK_L5_s5705,UPTALK,5,end,0.0,0.58,0.44,
B01-CHAMP_C0__PURE_WORD_SKIP_L1_s1980,WORD_SKIP,1,point,0.0,0.0,,
B01-CHAMP_C0__PURE_WORD_SKIP_L2_s1980,WORD_SKIP,2,point,0.0,0.0,,
B01-CHAMP_C0__PURE_WORD_SKIP_L2_s1980,WORD_SKIP,2,point,0.0,3.71,,
B01-CHAMP_C0__PURE_WORD_SKIP_L3_s1980,WORD_SKIP,3,point,0.0,0.0,,
B01-CHAMP_C0__PURE_WORD_SKIP_L3_s1980,WORD_SKIP,3,point,0.0,3.71,,
B01-CHAMP_C0__PURE_WORD_SKIP_L3_s1980,WORD_SKIP,3,point,20.2,4.36,,
B01-CHAMP_C0__PURE_WORD_SKIP_L4_s1980,WORD_SKIP,4,point,22.24,13.0,,
B01-CHAMP_C0__PURE_WORD_SKIP_L4_s1980,WORD_SKIP,4,point,0.0,0.0,,
B01-CHAMP_C0__PURE_WORD_SKIP_L4_s1980,WORD_SKIP,4,point,0.0,7.61,,
B01-CHAMP_C0__PURE_WORD_SKIP_L4_s1980,WORD_SKIP,4,point,0.0,3.73,,
B01-CHAMP_C0__PURE_WORD_SKIP_L4_s1980,WORD_SKIP,4,point,20.21,4.35,,
B01-CHAMP_C0__PURE_WORD_SKIP_L5_s1980,WORD_SKIP,5,point,22.24,13.0,,
B01-CHAMP_C0__PURE_WORD_SKIP_L5_s1980,WORD_SKIP,5,point,0.0,0.0,,
B01-CHAMP_C0__PURE_WORD_SKIP_L5_s1980,WORD_SKIP,5,point,0.0,7.61,,
B01-CHAMP_C0__PURE_WORD_SKIP_L5_s1980,WORD_SKIP,5,point,0.0,28.85,,
B01-CHAMP_C0__PURE_WORD_SKIP_L5_s1980,WORD_SKIP,5,point,4.17,4.19,,
B01-CHAMP_C0__PURE_WORD_SKIP_L5_s1980,WORD_SKIP,5,point,0.0,0.0,,
B01-CHAMP_C0__PURE_WORD_SKIP_L5_s1980,WORD_SKIP,5,point,0.0,3.73,,
B01-CHAMP_C0__PURE_WORD_SKIP_L5_s1980,WORD_SKIP,5,point,20.21,4.35,,
B01-CHAMP_C0__PURE_WORD_SWAP_L1_s5904,WORD_SWAP,1,start,0.0,3.89,,
B01-CHAMP_C0__PURE_WORD_SWAP_L1_s5904,WORD_SWAP,1,end,0.0,0.0,2.65,
B01-CHAMP_C0__PURE_WORD_SWAP_L2_s5904,WORD_SWAP,2,start,0.0,0.0,,
B01-CHAMP_C0__PURE_WORD_SWAP_L2_s5904,WORD_SWAP,2,end,0.0,0.0,6.76,
B01-CHAMP_C0__PURE_WORD_SWAP_L2_s5904,WORD_SWAP,2,start,0.0,3.89,,
B01-CHAMP_C0__PURE_WORD_SWAP_L2_s5904,WORD_SWAP,2,end,0.0,0.0,2.65,
B01-CHAMP_C0__PURE_WORD_SWAP_L3_s5904,WORD_SWAP,3,start,0.0,0.0,,
B01-CHAMP_C0__PURE_WORD_SWAP_L3_s5904,WORD_SWAP,3,end,0.0,0.0,6.76,
B01-CHAMP_C0__PURE_WORD_SWAP_L3_s5904,WORD_SWAP,3,start,9.31,0.0,,
B01-CHAMP_C0__PURE_WORD_SWAP_L3_s5904,WORD_SWAP,3,end,0.0,7.87,4.33,
B01-CHAMP_C0__PURE_WORD_SWAP_L3_s5904,WORD_SWAP,3,start,0.0,3.89,,
B01-CHAMP_C0__PURE_WORD_SWAP_L3_s5904,WORD_SWAP,3,end,0.0,0.0,2.65,
B01-CHAMP_C0__PURE_WORD_SWAP_L4_s5904,WORD_SWAP,4,start,0.0,0.0,,
B01-CHAMP_C0__PURE_WORD_SWAP_L4_s5904,WORD_SWAP,4,end,0.0,0.0,6.76,
B01-CHAMP_C0__PURE_WORD_SWAP_L4_s5904,WORD_SWAP,4,start,0.0,1.04,,
B01-CHAMP_C0__PURE_WORD_SWAP_L4_s5904,WORD_SWAP,4,end,4.36,0.0,,
B01-CHAMP_C0__PURE_WORD_SWAP_L4_s5904,WORD_SWAP,4,start,7.32,0.0,,
B01-CHAMP_C0__PURE_WORD_SWAP_L4_s5904,WORD_SWAP,4,end,8.6,1.06,3.71,
B01-CHAMP_C0__PURE_WORD_SWAP_L4_s5904,WORD_SWAP,4,start,9.29,0.0,,
B01-CHAMP_C0__PURE_WORD_SWAP_L4_s5904,WORD_SWAP,4,end,0.0,7.91,4.33,
B01-CHAMP_C0__PURE_WORD_SWAP_L4_s5904,WORD_SWAP,4,start,0.0,3.9,,
B01-CHAMP_C0__PURE_WORD_SWAP_L4_s5904,WORD_SWAP,4,end,0.0,0.0,2.65,
B01-CHAMP_C0__PURE_WORD_SWAP_L5_s5904,WORD_SWAP,5,start,0.0,0.0,,
B01-CHAMP_C0__PURE_WORD_SWAP_L5_s5904,WORD_SWAP,5,end,0.0,0.0,6.76,
B01-CHAMP_C0__PURE_WORD_SWAP_L5_s5904,WORD_SWAP,5,start,0.0,1.04,,
B01-CHAMP_C0__PURE_WORD_SWAP_L5_s5904,WORD_SWAP,5,end,4.36,0.0,,
B01-CHAMP_C0__PURE_WORD_SWAP_L5_s5904,WORD_SWAP,5,start,2.07,0.0,,
B01-CHAMP_C0__PURE_WORD_SWAP_L5_s5904,WORD_SWAP,5,end,1.86,0.0,4.57,
B01-CHAMP_C0__PURE_WORD_SWAP_L5_s5904,WORD_SWAP,5,start,0.0,0.0,,
B01-CHAMP_C0__PURE_WORD_SWAP_L5_s5904,WORD_SWAP,5,end,0.0,15.98,6.69,
B01-CHAMP_C0__PURE_WORD_SWAP_L5_s5904,WORD_SWAP,5,start,7.33,0.0,,
B01-CHAMP_C0__PURE_WORD_SWAP_L5_s5904,WORD_SWAP,5,end,8.6,1.06,3.69,
B01-CHAMP_C0__PURE_WORD_SWAP_L5_s5904,WORD_SWAP,5,start,9.31,0.0,,
B01-CHAMP_C0__PURE_WORD_SWAP_L5_s5904,WORD_SWAP,5,end,0.0,7.87,4.33,
B01-CHAMP_C0__PURE_WORD_SWAP_L5_s5904,WORD_SWAP,5,start,0.0,0.0,,
B01-CHAMP_C0__PURE_WORD_SWAP_L5_s5904,WORD_SWAP,5,end,19.36,0.17,10.25,
B01-CHAMP_C0__PURE_WORD_SWAP_L5_s5904,WORD_SWAP,5,start,0.0,3.89,,
B01-CHAMP_C0__PURE_WORD_SWAP_L5_s5904,WORD_SWAP,5,end,0.0,0.0,2.65,
B01-CHAMP_C0__RARE_HESIT_L1_s5369,RARE_HESIT,1,start,21.75,18.05,,
B01-CHAMP_C0__RARE_HESIT_L1_s5369,RARE_HESIT,1,end,4.13,0.0,,
B01-CHAMP_C0__RARE_HESIT_L2_s5369,RARE_HESIT,2,start,0.0,5.02,,
B01-CHAMP_C0__RARE_HESIT_L2_s5369,RARE_HESIT,2,end,23.09,17.35,,
B01-CHAMP_C0__RARE_HESIT_L2_s5369,RARE_HESIT,2,start,23.09,17.35,,
B01-CHAMP_C0__RARE_HESIT_L2_s5369,RARE_HESIT,2,end,4.49,0.0,,
B01-CHAMP_C0__RARE_HESIT_L3_s5369,RARE_HESIT,3,start,0.0,3.65,,
B01-CHAMP_C0__RARE_HESIT_L3_s5369,RARE_HESIT,3,end,22.45,19.83,,
B01-CHAMP_C0__RARE_HESIT_L3_s5369,RARE_HESIT,3,start,22.45,19.83,,
B01-CHAMP_C0__RARE_HESIT_L3_s5369,RARE_HESIT,3,end,4.54,0.0,,
B01-CHAMP_C0__RARE_HESIT_L4_s5369,RARE_HESIT,4,start,0.0,5.38,,
B01-CHAMP_C0__RARE_HESIT_L4_s5369,RARE_HESIT,4,end,23.62,14.34,,
B01-CHAMP_C0__RARE_HESIT_L4_s5369,RARE_HESIT,4,start,23.62,14.34,,
B01-CHAMP_C0__RARE_HESIT_L4_s5369,RARE_HESIT,4,end,0.0,0.0,,
B01-CHAMP_C0__RARE_HESIT_L5_s5369,RARE_HESIT,5,start,0.29,5.51,,
B01-CHAMP_C0__RARE_HESIT_L5_s5369,RARE_HESIT,5,end,21.63,20.28,,
B01-CHAMP_C0__RARE_HESIT_L5_s5369,RARE_HESIT,5,start,21.63,20.28,,
B01-CHAMP_C0__RARE_HESIT_L5_s5369,RARE_HESIT,5,end,3.93,0.0,,
B01-CHAMP_C0__REPEAT_L1_s3852,REPEAT,1,start,0.0,,,
B01-CHAMP_C0__REPEAT_L1_s3852,REPEAT,1,end,0.0,,,
B01-CHAMP_C0__REPEAT_L2_s3852,REPEAT,2,start,0.0,,,
B01-CHAMP_C0__REPEAT_L2_s3852,REPEAT,2,end,0.0,,,
B01-CHAMP_C0__REPEAT_L3_s3852,REPEAT,3,start,0.0,,,
B01-CHAMP_C0__REPEAT_L3_s3852,REPEAT,3,end,0.0,,,
B01-CHAMP_C0__REPEAT_L4_s3852,REPEAT,4,start,0.0,,,
B01-CHAMP_C0__REPEAT_L4_s3852,REPEAT,4,end,0.0,,,
B01-CHAMP_C0__REPEAT_L5_s3852,REPEAT,5,start,0.0,,,
B01-CHAMP_C0__REPEAT_L5_s3852,REPEAT,5,end,0.0,,,
B01-CHAMP_C0__SHOUT_L1_s4068,SHOUT,1,start,0.0,0.0,,
B01-CHAMP_C0__SHOUT_L1_s4068,SHOUT,1,end,2.47,0.88,1.74,
B01-CHAMP_C0__SHOUT_L1_s4068,SHOUT,1,start,0.0,0.0,,
B01-CHAMP_C0__SHOUT_L1_s4068,SHOUT,1,end,0.0,0.0,1.77,
B01-CHAMP_C0__SHOUT_L2_s4068,SHOUT,2,start,0.0,0.51,,
B01-CHAMP_C0__SHOUT_L2_s4068,SHOUT,2,end,0.55,1.92,4.69,
B01-CHAMP_C0__SHOUT_L2_s4068,SHOUT,2,start,0.0,0.01,,
B01-CHAMP_C0__SHOUT_L2_s4068,SHOUT,2,end,1.94,0.62,3.87,
B01-CHAMP_C0__SHOUT_L3_s4068,SHOUT,3,start,0.0,2.67,,
B01-CHAMP_C0__SHOUT_L3_s4068,SHOUT,3,end,6.68,4.5,6.74,
B01-CHAMP_C0__SHOUT_L3_s4068,SHOUT,3,start,0.0,4.2,,
B01-CHAMP_C0__SHOUT_L3_s4068,SHOUT,3,end,3.57,3.46,7.05,
B01-CHAMP_C0__SHOUT_L4_s4068,SHOUT,4,start,0.0,5.26,,
B01-CHAMP_C0__SHOUT_L4_s4068,SHOUT,4,end,2.72,6.91,10.17,
B01-CHAMP_C0__SHOUT_L4_s4068,SHOUT,4,start,0.0,5.19,,
B01-CHAMP_C0__SHOUT_L4_s4068,SHOUT,4,end,2.5,4.73,10.41,
B01-CHAMP_C0__SHOUT_L5_s4068,SHOUT,5,start,0.0,6.69,,
B01-CHAMP_C0__SHOUT_L5_s4068,SHOUT,5,end,5.59,10.1,13.69,
B01-CHAMP_C0__SHOUT_L5_s4068,SHOUT,5,start,0.0,10.74,,
B01-CHAMP_C0__SHOUT_L5_s4068,SHOUT,5,end,1.39,6.23,14.12,
B01-CHAMP_C0__SLUR_L1_s1953,SLUR,1,start,8.82,1.25,,
B01-CHAMP_C0__SLUR_L1_s1953,SLUR,1,end,0.0,0.69,1.08,
B01-CHAMP_C0__SLUR_L1_s1953,SLUR,1,start,3.33,0.0,,
B01-CHAMP_C0__SLUR_L1_s1953,SLUR,1,end,1.58,0.0,0.97,
B01-CHAMP_C0__SLUR_L1_s1953,SLUR,1,start,6.21,0.0,,
B01-CHAMP_C0__SLUR_L1_s1953,SLUR,1,end,0.0,0.0,1.02,
B01-CHAMP_C0__SLUR_L2_s1953,SLUR,2,start,8.83,1.24,,
B01-CHAMP_C0__SLUR_L2_s1953,SLUR,2,end,0.0,0.58,2.05,
B01-CHAMP_C0__SLUR_L2_s1953,SLUR,2,start,3.48,0.05,,
B01-CHAMP_C0__SLUR_L2_s1953,SLUR,2,end,1.59,0.0,1.91,
B01-CHAMP_C0__SLUR_L2_s1953,SLUR,2,start,6.51,0.0,,
B01-CHAMP_C0__SLUR_L2_s1953,SLUR,2,end,0.0,0.0,1.98,
B01-CHAMP_C0__SLUR_L3_s1953,SLUR,3,start,8.84,1.24,,
B01-CHAMP_C0__SLUR_L3_s1953,SLUR,3,end,0.0,0.5,2.96,
B01-CHAMP_C0__SLUR_L3_s1953,SLUR,3,start,3.69,0.14,,
B01-CHAMP_C0__SLUR_L3_s1953,SLUR,3,end,1.15,0.0,2.76,
B01-CHAMP_C0__SLUR_L3_s1953,SLUR,3,start,6.78,0.0,,
B01-CHAMP_C0__SLUR_L3_s1953,SLUR,3,end,0.0,0.0,2.87,
B01-CHAMP_C0__SLUR_L4_s1953,SLUR,4,start,8.85,1.24,,
B01-CHAMP_C0__SLUR_L4_s1953,SLUR,4,end,0.0,0.43,4.33,
B01-CHAMP_C0__SLUR_L4_s1953,SLUR,4,start,4.01,0.22,,
B01-CHAMP_C0__SLUR_L4_s1953,SLUR,4,end,1.15,0.0,4.12,
B01-CHAMP_C0__SLUR_L4_s1953,SLUR,4,start,7.03,0.0,,
B01-CHAMP_C0__SLUR_L4_s1953,SLUR,4,end,0.0,0.0,4.24,
B01-CHAMP_C0__SLUR_L5_s1953,SLUR,5,start,8.85,1.24,,
B01-CHAMP_C0__SLUR_L5_s1953,SLUR,5,end,0.0,0.39,5.68,
B01-CHAMP_C0__SLUR_L5_s1953,SLUR,5,start,4.14,0.27,,
B01-CHAMP_C0__SLUR_L5_s1953,SLUR,5,end,1.15,0.0,5.46,
B01-CHAMP_C0__SLUR_L5_s1953,SLUR,5,start,7.21,0.0,,
B01-CHAMP_C0__SLUR_L5_s1953,SLUR,5,end,0.0,0.0,5.59,
B01-CHAMP_C0__UPTALK_L1_s1269,UPTALK,1,start,2.83,0.43,,
B01-CHAMP_C0__UPTALK_L1_s1269,UPTALK,1,end,7.81,0.0,0.28,
B01-CHAMP_C0__UPTALK_L1_s1269,UPTALK,1,start,0.0,0.74,,
B01-CHAMP_C0__UPTALK_L1_s1269,UPTALK,1,end,1.36,0.8,0.17,
B01-CHAMP_C0__UPTALK_L1_s1269,UPTALK,1,start,3.12,0.0,,
B01-CHAMP_C0__UPTALK_L1_s1269,UPTALK,1,end,0.45,0.19,0.41,
B01-CHAMP_C0__UPTALK_L2_s1269,UPTALK,2,start,2.83,0.43,,
B01-CHAMP_C0__UPTALK_L2_s1269,UPTALK,2,end,10.24,0.0,0.27,
B01-CHAMP_C0__UPTALK_L2_s1269,UPTALK,2,start,0.0,0.75,,
B01-CHAMP_C0__UPTALK_L2_s1269,UPTALK,2,end,0.0,1.44,0.18,
B01-CHAMP_C0__UPTALK_L2_s1269,UPTALK,2,start,3.13,0.0,,
B01-CHAMP_C0__UPTALK_L2_s1269,UPTALK,2,end,0.74,0.8,0.39,
B01-CHAMP_C0__UPTALK_L3_s1269,UPTALK,3,start,2.83,0.43,,
B01-CHAMP_C0__UPTALK_L3_s1269,UPTALK,3,end,7.05,0.0,0.26,
B01-CHAMP_C0__UPTALK_L3_s1269,UPTALK,3,start,0.0,0.74,,
B01-CHAMP_C0__UPTALK_L3_s1269,UPTALK,3,end,0.0,1.57,0.18,
B01-CHAMP_C0__UPTALK_L3_s1269,UPTALK,3,start,3.13,0.0,,
B01-CHAMP_C0__UPTALK_L3_s1269,UPTALK,3,end,0.0,0.11,0.41,
B01-CHAMP_C0__UPTALK_L4_s1269,UPTALK,4,start,2.83,0.43,,
B01-CHAMP_C0__UPTALK_L4_s1269,UPTALK,4,end,6.77,0.0,0.31,
B01-CHAMP_C0__UPTALK_L4_s1269,UPTALK,4,start,0.0,0.74,,
B01-CHAMP_C0__UPTALK_L4_s1269,UPTALK,4,end,1.44,2.27,0.18,
B01-CHAMP_C0__UPTALK_L4_s1269,UPTALK,4,start,3.22,0.0,,
B01-CHAMP_C0__UPTALK_L4_s1269,UPTALK,4,end,0.0,0.0,0.41,
B01-CHAMP_C0__UPTALK_L5_s1269,UPTALK,5,start,2.83,0.43,,
B01-CHAMP_C0__UPTALK_L5_s1269,UPTALK,5,end,7.13,0.0,0.33,
B01-CHAMP_C0__UPTALK_L5_s1269,UPTALK,5,start,0.0,0.74,,
B01-CHAMP_C0__UPTALK_L5_s1269,UPTALK,5,end,0.78,1.93,0.19,
B01-CHAMP_C0__UPTALK_L5_s1269,UPTALK,5,start,3.22,0.0,,
B01-CHAMP_C0__UPTALK_L5_s1269,UPTALK,5,end,0.0,0.58,0.44,
B01-CHAMP_C0__WORD_SKIP_L1_s5306,WORD_SKIP,1,point,0.0,0.0,,
B01-CHAMP_C0__WORD_SKIP_L2_s5306,WORD_SKIP,2,point,0.0,0.0,,
B01-CHAMP_C0__WORD_SKIP_L2_s5306,WORD_SKIP,2,point,0.0,3.71,,
B01-CHAMP_C0__WORD_SKIP_L3_s5306,WORD_SKIP,3,point,0.0,0.0,,
B01-CHAMP_C0__WORD_SKIP_L3_s5306,WORD_SKIP,3,point,0.0,3.71,,
B01-CHAMP_C0__WORD_SKIP_L3_s5306,WORD_SKIP,3,point,20.2,4.36,,
B01-CHAMP_C0__WORD_SKIP_L4_s5306,WORD_SKIP,4,point,22.24,13.0,,
B01-CHAMP_C0__WORD_SKIP_L4_s5306,WORD_SKIP,4,point,0.0,0.0,,
B01-CHAMP_C0__WORD_SKIP_L4_s5306,WORD_SKIP,4,point,0.0,7.61,,
B01-CHAMP_C0__WORD_SKIP_L4_s5306,WORD_SKIP,4,point,0.0,3.73,,
B01-CHAMP_C0__WORD_SKIP_L4_s5306,WORD_SKIP,4,point,20.21,4.35,,
B01-CHAMP_C0__WORD_SKIP_L5_s5306,WORD_SKIP,5,point,22.24,13.0,,
B01-CHAMP_C0__WORD_SKIP_L5_s5306,WORD_SKIP,5,point,0.0,0.0,,
B01-CHAMP_C0__WORD_SKIP_L5_s5306,WORD_SKIP,5,point,0.0,7.61,,
B01-CHAMP_C0__WORD_SKIP_L5_s5306,WORD_SKIP,5,point,0.0,28.85,,
B01-CHAMP_C0__WORD_SKIP_L5_s5306,WORD_SKIP,5,point,4.17,4.19,,
B01-CHAMP_C0__WORD_SKIP_L5_s5306,WORD_SKIP,5,point,0.0,0.0,,
B01-CHAMP_C0__WORD_SKIP_L5_s5306,WORD_SKIP,5,point,0.0,3.73,,
B01-CHAMP_C0__WORD_SKIP_L5_s5306,WORD_SKIP,5,point,20.21,4.35,,
B01-CHAMP_C0__WORD_SWAP_L1_s4326,WORD_SWAP,1,start,0.0,3.89,,
B01-CHAMP_C0__WORD_SWAP_L1_s4326,WORD_SWAP,1,end,0.0,0.0,2.65,
B01-CHAMP_C0__WORD_SWAP_L2_s4326,WORD_SWAP,2,start,0.0,0.0,,
B01-CHAMP_C0__WORD_SWAP_L2_s4326,WORD_SWAP,2,end,0.0,0.0,6.76,
B01-CHAMP_C0__WORD_SWAP_L2_s4326,WORD_SWAP,2,start,0.0,3.89,,
B01-CHAMP_C0__WORD_SWAP_L2_s4326,WORD_SWAP,2,end,0.0,0.0,2.65,
B01-CHAMP_C0__WORD_SWAP_L3_s4326,WORD_SWAP,3,start,0.0,0.0,,
B01-CHAMP_C0__WORD_SWAP_L3_s4326,WORD_SWAP,3,end,0.0,0.0,6.76,
B01-CHAMP_C0__WORD_SWAP_L3_s4326,WORD_SWAP,3,start,9.31,0.0,,
B01-CHAMP_C0__WORD_SWAP_L3_s4326,WORD_SWAP,3,end,0.0,7.87,4.33,
B01-CHAMP_C0__WORD_SWAP_L3_s4326,WORD_SWAP,3,start,0.0,3.89,,
B01-CHAMP_C0__WORD_SWAP_L3_s4326,WORD_SWAP,3,end,0.0,0.0,2.65,
B01-CHAMP_C0__WORD_SWAP_L4_s4326,WORD_SWAP,4,start,0.0,0.0,,
B01-CHAMP_C0__WORD_SWAP_L4_s4326,WORD_SWAP,4,end,0.0,0.0,6.76,
B01-CHAMP_C0__WORD_SWAP_L4_s4326,WORD_SWAP,4,start,0.0,1.04,,
B01-CHAMP_C0__WORD_SWAP_L4_s4326,WORD_SWAP,4,end,4.36,0.0,,
B01-CHAMP_C0__WORD_SWAP_L4_s4326,WORD_SWAP,4,start,7.32,0.0,,
B01-CHAMP_C0__WORD_SWAP_L4_s4326,WORD_SWAP,4,end,8.6,1.06,3.71,
B01-CHAMP_C0__WORD_SWAP_L4_s4326,WORD_SWAP,4,start,9.29,0.0,,
B01-CHAMP_C0__WORD_SWAP_L4_s4326,WORD_SWAP,4,end,0.0,7.91,4.33,
B01-CHAMP_C0__WORD_SWAP_L4_s4326,WORD_SWAP,4,start,0.0,3.9,,
B01-CHAMP_C0__WORD_SWAP_L4_s4326,WORD_SWAP,4,end,0.0,0.0,2.65,
B01-CHAMP_C0__WORD_SWAP_L5_s4326,WORD_SWAP,5,start,0.0,0.0,,
B01-CHAMP_C0__WORD_SWAP_L5_s4326,WORD_SWAP,5,end,0.0,0.0,6.76,
B01-CHAMP_C0__WORD_SWAP_L5_s4326,WORD_SWAP,5,start,0.0,1.04,,
B01-CHAMP_C0__WORD_SWAP_L5_s4326,WORD_SWAP,5,end,4.36,0.0,,
B01-CHAMP_C0__WORD_SWAP_L5_s4326,WORD_SWAP,5,start,2.07,0.0,,
B01-CHAMP_C0__WORD_SWAP_L5_s4326,WORD_SWAP,5,end,1.86,0.0,4.57,
B01-CHAMP_C0__WORD_SWAP_L5_s4326,WORD_SWAP,5,start,0.0,0.0,,
B01-CHAMP_C0__WORD_SWAP_L5_s4326,WORD_SWAP,5,end,0.0,15.98,6.69,
B01-CHAMP_C0__WORD_SWAP_L5_s4326,WORD_SWAP,5,start,7.33,0.0,,
B01-CHAMP_C0__WORD_SWAP_L5_s4326,WORD_SWAP,5,end,8.6,1.06,3.69,
B01-CHAMP_C0__WORD_SWAP_L5_s4326,WORD_SWAP,5,start,9.31,0.0,,
B01-CHAMP_C0__WORD_SWAP_L5_s4326,WORD_SWAP,5,end,0.0,7.87,4.33,
B01-CHAMP_C0__WORD_SWAP_L5_s4326,WORD_SWAP,5,start,0.0,0.0,,
B01-CHAMP_C0__WORD_SWAP_L5_s4326,WORD_SWAP,5,end,19.36,0.17,10.25,
B01-CHAMP_C0__WORD_SWAP_L5_s4326,WORD_SWAP,5,start,0.0,3.89,,
B01-CHAMP_C0__WORD_SWAP_L5_s4326,WORD_SWAP,5,end,0.0,0.0,2.65,
B02-CHAMP_C0__EMPH_FLAT_L3_s4783,EMPH_FLAT,3,start,9.75,0.0,,
B02-CHAMP_C0__EMPH_FLAT_L3_s4783,EMPH_FLAT,3,end,0.0,0.0,,
B02-CHAMP_C0__FADE_L3_s6616,FADE,3,start,0.0,1.97,,
B02-CHAMP_C0__FADE_L3_s6616,FADE,3,end,0.0,0.0,4.78,
B02-CHAMP_C0__FILLER_L3_s5858,FILLER,3,start,0.07,,,
B02-CHAMP_C0__FILLER_L3_s5858,FILLER,3,end,0.0,,,
B02-CHAMP_C0__FILLER_L3_s5858,FILLER,3,start,5.22,,,
B02-CHAMP_C0__FILLER_L3_s5858,FILLER,3,end,0.0,,,
B02-CHAMP_C0__FILLER_L3_s5858,FILLER,3,start,0.0,,,
B02-CHAMP_C0__FILLER_L3_s5858,FILLER,3,end,0.0,,,
B02-CHAMP_C0__FILLER_L3_s5858,FILLER,3,start,3.84,,,
B02-CHAMP_C0__FILLER_L3_s5858,FILLER,3,end,0.0,,,
B02-CHAMP_C0__FILLER_L3_s5858,FILLER,3,start,0.0,,,
B02-CHAMP_C0__FILLER_L3_s5858,FILLER,3,end,0.0,,,
B02-CHAMP_C0__FILLER_L3_s5858,FILLER,3,start,0.0,,,
B02-CHAMP_C0__FILLER_L3_s5858,FILLER,3,end,0.0,,,
B02-CHAMP_C0__MONOTONE_L3_s7005,MONOTONE,3,start,0.0,6.98,,
B02-CHAMP_C0__MONOTONE_L3_s7005,MONOTONE,3,end,1.71,0.0,0.2,
B02-CHAMP_C0__MULTI1_L3_s3636,PACE_FAST,3,start,0.0,0.0,,
B02-CHAMP_C0__MULTI1_L3_s3636,PACE_FAST,3,end,0.0,8.23,,
B02-CHAMP_C0__MULTI1_L3_s3636,FADE,3,start,0.0,1.97,,
B02-CHAMP_C0__MULTI1_L3_s3636,FADE,3,end,0.0,0.0,4.78,
B02-CHAMP_C0__MULTI2_L3_s5470,PAUSE_BAD,3,start,0.72,0.0,,
B02-CHAMP_C0__MULTI2_L3_s5470,PAUSE_BAD,3,end,7.87,4.04,,
B02-CHAMP_C0__MULTI2_L3_s5470,PAUSE_BAD,3,start,7.87,,,
B02-CHAMP_C0__MULTI2_L3_s5470,PAUSE_BAD,3,end,0.0,,,3.07
B02-CHAMP_C0__MULTI2_L3_s5470,MONOTONE,3,start,0.0,6.98,,
B02-CHAMP_C0__MULTI2_L3_s5470,MONOTONE,3,end,1.71,0.0,0.2,
B02-CHAMP_C0__MULTI3_L3_s4360,FILLER,3,start,0.0,,,
B02-CHAMP_C0__MULTI3_L3_s4360,FILLER,3,end,0.0,,,
B02-CHAMP_C0__MULTI3_L3_s4360,FILLER,3,start,0.0,,,
B02-CHAMP_C0__MULTI3_L3_s4360,FILLER,3,end,0.0,,,
B02-CHAMP_C0__MULTI3_L3_s4360,UPTALK,3,start,0.0,1.61,,
B02-CHAMP_C0__MULTI3_L3_s4360,UPTALK,3,end,0.0,0.0,0.38,
B02-CHAMP_C0__MULTI3_L3_s4360,SLUR,3,start,0.0,6.76,,
B02-CHAMP_C0__MULTI3_L3_s4360,SLUR,3,end,5.29,0.0,2.75,
B02-CHAMP_C0__MULTI4_L3_s1803,EMPH_FLAT,3,start,0.0,0.09,,
B02-CHAMP_C0__MULTI4_L3_s1803,EMPH_FLAT,3,end,0.0,0.0,,
B02-CHAMP_C0__MULTI4_L3_s1803,PACE_SLOW,3,start,0.0,0.12,,
B02-CHAMP_C0__MULTI4_L3_s1803,PACE_SLOW,3,end,0.0,0.0,,
B02-CHAMP_C0__MULTI4_L3_s1803,SHOUT,3,start,1.75,14.47,,
B02-CHAMP_C0__MULTI4_L3_s1803,SHOUT,3,end,0.0,4.87,5.38,
B02-CHAMP_C0__MULTI5_L3_s1309,REPEAT,3,start,1.55,,,
B02-CHAMP_C0__MULTI5_L3_s1309,REPEAT,3,end,0.0,,,
B02-CHAMP_C0__MULTI5_L3_s1309,RARE_HESIT,3,start,0.0,0.0,,
B02-CHAMP_C0__MULTI5_L3_s1309,RARE_HESIT,3,end,0.0,0.0,,
B02-CHAMP_C0__MULTI5_L3_s1309,WORD_SWAP,3,start,0.0,0.33,,
B02-CHAMP_C0__MULTI5_L3_s1309,WORD_SWAP,3,end,0.0,0.0,16.14,
B02-CHAMP_C0__MULTI5_L3_s1309,WORD_SWAP,3,start,0.0,9.24,,
B02-CHAMP_C0__MULTI5_L3_s1309,WORD_SWAP,3,end,0.0,1.73,3.96,
B02-CHAMP_C0__MULTI5_L3_s1309,WORD_SWAP,3,start,1.08,5.31,,
B02-CHAMP_C0__MULTI5_L3_s1309,WORD_SWAP,3,end,0.36,1.45,4.72,
B02-CHAMP_C0__PACE_FAST_L3_s1571,PACE_FAST,3,start,0.0,0.09,,
B02-CHAMP_C0__PACE_FAST_L3_s1571,PACE_FAST,3,end,0.0,3.21,,
B02-CHAMP_C0__PACE_SLOW_L3_s3882,PACE_SLOW,3,start,0.0,0.09,,
B02-CHAMP_C0__PACE_SLOW_L3_s3882,PACE_SLOW,3,end,0.04,0.0,,
B02-CHAMP_C0__PACE_SLOW_L3_s3882,PACE_SLOW,3,start,0.0,0.0,,
B02-CHAMP_C0__PACE_SLOW_L3_s3882,PACE_SLOW,3,end,0.0,0.6,,
B02-CHAMP_C0__PACE_SLOW_L3_s3882,PACE_SLOW,3,start,0.77,0.0,,
B02-CHAMP_C0__PACE_SLOW_L3_s3882,PACE_SLOW,3,end,0.0,0.0,,
B02-CHAMP_C0__PAUSE_BAD_L3_s1721,PAUSE_BAD,3,start,2.67,,,
B02-CHAMP_C0__PAUSE_BAD_L3_s1721,PAUSE_BAD,3,end,0.0,,,2.29
B02-CHAMP_C0__PAUSE_BAD_L3_s1721,PAUSE_BAD,3,start,0.0,13.09,,
B02-CHAMP_C0__PAUSE_BAD_L3_s1721,PAUSE_BAD,3,end,0.0,13.13,2.91,
B02-CHAMP_C0__PAUSE_BAD_L3_s1721,PAUSE_BAD,3,start,0.0,,,
B02-CHAMP_C0__PAUSE_BAD_L3_s1721,PAUSE_BAD,3,end,12.69,,,6.36
B02-CHAMP_C0__PAUSE_BAD_L3_s1721,PAUSE_BAD,3,start,0.0,0.0,,
B02-CHAMP_C0__PAUSE_BAD_L3_s1721,PAUSE_BAD,3,end,0.0,8.17,,
B02-CHAMP_C0__PAUSE_BAD_L3_s1721,PAUSE_BAD,3,start,0.0,,,
B02-CHAMP_C0__PAUSE_BAD_L3_s1721,PAUSE_BAD,3,end,0.0,,,3.08
B02-CHAMP_C0__PAUSE_LOST_L3_s0929,PAUSE_LOST,3,start,1.03,0.0,,
B02-CHAMP_C0__PAUSE_LOST_L3_s0929,PAUSE_LOST,3,end,0.0,0.0,,
B02-CHAMP_C0__RARE_HESIT_L3_s0555,RARE_HESIT,3,start,0.0,0.0,,
B02-CHAMP_C0__RARE_HESIT_L3_s0555,RARE_HESIT,3,end,0.0,0.0,,
B02-CHAMP_C0__RARE_HESIT_L3_s0555,RARE_HESIT,3,start,0.0,8.6,,
B02-CHAMP_C0__RARE_HESIT_L3_s0555,RARE_HESIT,3,end,0.0,1.3,,
B02-CHAMP_C0__REPEAT_L3_s8391,REPEAT,3,start,4.58,,,
B02-CHAMP_C0__REPEAT_L3_s8391,REPEAT,3,end,0.0,,,
B02-CHAMP_C0__REPEAT_L3_s8391,REPEAT,3,start,0.0,,,
B02-CHAMP_C0__REPEAT_L3_s8391,REPEAT,3,end,0.0,,,
B02-CHAMP_C0__SHOUT_L3_s7578,SHOUT,3,start,0.0,0.04,,
B02-CHAMP_C0__SHOUT_L3_s7578,SHOUT,3,end,0.0,0.0,6.03,
B02-CHAMP_C0__SLUR_L3_s8881,SLUR,3,start,5.02,0.0,,
B02-CHAMP_C0__SLUR_L3_s8881,SLUR,3,end,3.98,0.77,2.84,
B02-CHAMP_C0__SLUR_L3_s8881,SLUR,3,start,0.0,0.0,,
B02-CHAMP_C0__SLUR_L3_s8881,SLUR,3,end,0.51,1.74,2.86,
B02-CHAMP_C0__SLUR_L3_s8881,SLUR,3,start,1.17,0.0,,
B02-CHAMP_C0__SLUR_L3_s8881,SLUR,3,end,0.0,0.0,2.75,
B02-CHAMP_C0__UPTALK_L3_s8014,UPTALK,3,start,0.69,0.0,,
B02-CHAMP_C0__UPTALK_L3_s8014,UPTALK,3,end,1.11,2.43,0.21,
B02-CHAMP_C0__WORD_SKIP_L3_s3790,WORD_SKIP,3,point,5.69,0.0,,
B02-CHAMP_C0__WORD_SKIP_L3_s3790,WORD_SKIP,3,point,3.41,4.16,,
B02-CHAMP_C0__WORD_SKIP_L3_s3790,WORD_SKIP,3,point,29.67,0.0,,
B02-CHAMP_C0__WORD_SWAP_L3_s1106,WORD_SWAP,3,start,0.0,0.0,,
B02-CHAMP_C0__WORD_SWAP_L3_s1106,WORD_SWAP,3,end,0.0,10.12,3.97,
B02-CHAMP_C0__WORD_SWAP_L3_s1106,WORD_SWAP,3,start,0.0,9.37,,
B02-CHAMP_C0__WORD_SWAP_L3_s1106,WORD_SWAP,3,end,0.0,3.65,10.51,
B02-CHAMP_C0__WORD_SWAP_L3_s1106,WORD_SWAP,3,start,1.07,5.3,,
B02-CHAMP_C0__WORD_SWAP_L3_s1106,WORD_SWAP,3,end,0.35,1.39,4.72,
B03-CHAMP_C0__EMPH_FLAT_L3_s5516,EMPH_FLAT,3,start,0.0,1.83,,
B03-CHAMP_C0__EMPH_FLAT_L3_s5516,EMPH_FLAT,3,end,5.58,0.0,,
B03-CHAMP_C0__EMPH_FLAT_L3_s5516,EMPH_FLAT,3,start,0.0,0.0,,
B03-CHAMP_C0__EMPH_FLAT_L3_s5516,EMPH_FLAT,3,end,0.0,1.24,,
B03-CHAMP_C0__FADE_L3_s2807,FADE,3,start,0.0,2.65,,
B03-CHAMP_C0__FADE_L3_s2807,FADE,3,end,0.0,8.02,3.6,
B03-CHAMP_C0__FADE_L3_s2807,FADE,3,start,0.0,0.63,,
B03-CHAMP_C0__FADE_L3_s2807,FADE,3,end,0.0,8.64,4.37,
B03-CHAMP_C0__FADE_L3_s2807,FADE,3,start,0.0,0.0,,
B03-CHAMP_C0__FADE_L3_s2807,FADE,3,end,0.0,2.08,4.89,
B03-CHAMP_C0__FILLER_L3_s3092,FILLER,3,start,0.0,,,
B03-CHAMP_C0__FILLER_L3_s3092,FILLER,3,end,13.38,,,
B03-CHAMP_C0__FILLER_L3_s3092,FILLER,3,start,0.0,,,
B03-CHAMP_C0__FILLER_L3_s3092,FILLER,3,end,6.99,,,
B03-CHAMP_C0__FILLER_L3_s3092,FILLER,3,start,4.08,,,
B03-CHAMP_C0__FILLER_L3_s3092,FILLER,3,end,1.96,,,
B03-CHAMP_C0__FILLER_L3_s3092,FILLER,3,start,0.0,,,
B03-CHAMP_C0__FILLER_L3_s3092,FILLER,3,end,3.18,,,
B03-CHAMP_C0__FILLER_L3_s3092,FILLER,3,start,0.0,,,
B03-CHAMP_C0__FILLER_L3_s3092,FILLER,3,end,12.66,,,
B03-CHAMP_C0__FILLER_L3_s3092,FILLER,3,start,0.0,,,
B03-CHAMP_C0__FILLER_L3_s3092,FILLER,3,end,1.02,,,
B03-CHAMP_C0__MONOTONE_L3_s3436,MONOTONE,3,start,0.01,1.28,,
B03-CHAMP_C0__MONOTONE_L3_s3436,MONOTONE,3,end,5.59,0.0,0.55,
B03-CHAMP_C0__MONOTONE_L3_s3436,MONOTONE,3,start,4.75,2.01,,
B03-CHAMP_C0__MONOTONE_L3_s3436,MONOTONE,3,end,2.78,1.01,0.53,
B03-CHAMP_C0__MONOTONE_L3_s3436,MONOTONE,3,start,7.53,0.13,,
B03-CHAMP_C0__MONOTONE_L3_s3436,MONOTONE,3,end,4.46,0.0,0.55,
B03-CHAMP_C0__MULTI1_L3_s4594,PACE_FAST,3,start,0.0,0.0,,
B03-CHAMP_C0__MULTI1_L3_s4594,PACE_FAST,3,end,2.46,0.26,,
B03-CHAMP_C0__MULTI1_L3_s4594,FADE,3,start,0.0,0.0,,
B03-CHAMP_C0__MULTI1_L3_s4594,FADE,3,end,2.09,6.89,4.23,
B03-CHAMP_C0__MULTI2_L3_s0712,PAUSE_BAD,3,start,0.0,0.0,,
B03-CHAMP_C0__MULTI2_L3_s0712,PAUSE_BAD,3,end,0.0,4.1,4.3,
B03-CHAMP_C0__MULTI2_L3_s0712,PAUSE_BAD,3,start,0.0,,,
B03-CHAMP_C0__MULTI2_L3_s0712,PAUSE_BAD,3,end,4.92,,,10.02
B03-CHAMP_C0__MULTI2_L3_s0712,MONOTONE,3,start,1.47,0.0,,
B03-CHAMP_C0__MULTI2_L3_s0712,MONOTONE,3,end,5.21,0.15,0.55,
B03-CHAMP_C0__MULTI3_L3_s4574,FILLER,3,start,0.0,,,
B03-CHAMP_C0__MULTI3_L3_s4574,FILLER,3,end,0.0,,,
B03-CHAMP_C0__MULTI3_L3_s4574,FILLER,3,start,6.35,,,
B03-CHAMP_C0__MULTI3_L3_s4574,FILLER,3,end,0.0,,,
B03-CHAMP_C0__MULTI3_L3_s4574,UPTALK,3,start,14.95,1.37,,
B03-CHAMP_C0__MULTI3_L3_s4574,UPTALK,3,end,0.0,0.57,0.36,
B03-CHAMP_C0__MULTI3_L3_s4574,SLUR,3,start,0.0,2.03,,
B03-CHAMP_C0__MULTI3_L3_s4574,SLUR,3,end,0.0,0.58,2.96,
B03-CHAMP_C0__MULTI4_L3_s2557,EMPH_FLAT,3,start,0.0,1.83,,
B03-CHAMP_C0__MULTI4_L3_s2557,EMPH_FLAT,3,end,5.58,0.0,,
B03-CHAMP_C0__MULTI4_L3_s2557,PACE_SLOW,3,start,0.0,0.0,,
B03-CHAMP_C0__MULTI4_L3_s2557,PACE_SLOW,3,end,5.88,0.0,,
B03-CHAMP_C0__MULTI4_L3_s2557,SHOUT,3,start,2.33,2.8,,
B03-CHAMP_C0__MULTI4_L3_s2557,SHOUT,3,end,0.0,0.92,5.84,
B03-CHAMP_C0__MULTI5_L3_s2155,REPEAT,3,start,0.0,,,
B03-CHAMP_C0__MULTI5_L3_s2155,REPEAT,3,end,5.4,,,
B03-CHAMP_C0__MULTI5_L3_s2155,RARE_HESIT,3,start,0.0,0.0,,
B03-CHAMP_C0__MULTI5_L3_s2155,RARE_HESIT,3,end,0.0,1.22,,
B03-CHAMP_C0__MULTI5_L3_s2155,RARE_HESIT,3,start,0.0,1.22,,
B03-CHAMP_C0__MULTI5_L3_s2155,RARE_HESIT,3,end,1.07,1.39,,
B03-CHAMP_C0__MULTI5_L3_s2155,WORD_SWAP,3,start,0.0,2.59,,
B03-CHAMP_C0__MULTI5_L3_s2155,WORD_SWAP,3,end,0.0,1.97,6.73,
B03-CHAMP_C0__MULTI5_L3_s2155,WORD_SWAP,3,start,0.0,5.02,,
B03-CHAMP_C0__MULTI5_L3_s2155,WORD_SWAP,3,end,0.0,9.1,7.06,
B03-CHAMP_C0__MULTI5_L3_s2155,WORD_SWAP,3,start,3.17,5.09,,
B03-CHAMP_C0__MULTI5_L3_s2155,WORD_SWAP,3,end,0.0,7.32,6.08,
B03-CHAMP_C0__PACE_FAST_L3_s0784,PACE_FAST,3,start,4.07,0.0,,
B03-CHAMP_C0__PACE_FAST_L3_s0784,PACE_FAST,3,end,0.0,0.0,,
B03-CHAMP_C0__PACE_SLOW_L3_s1497,PACE_SLOW,3,start,0.0,2.31,,
B03-CHAMP_C0__PACE_SLOW_L3_s1497,PACE_SLOW,3,end,0.0,0.0,,
B03-CHAMP_C0__PACE_SLOW_L3_s1497,PACE_SLOW,3,start,3.72,3.78,,
B03-CHAMP_C0__PACE_SLOW_L3_s1497,PACE_SLOW,3,end,0.0,1.97,,
B03-CHAMP_C0__PACE_SLOW_L3_s1497,PACE_SLOW,3,start,1.6,1.17,,
B03-CHAMP_C0__PACE_SLOW_L3_s1497,PACE_SLOW,3,end,0.0,0.0,,
B03-CHAMP_C0__PAUSE_BAD_L3_s0250,PAUSE_BAD,3,start,0.0,,,
B03-CHAMP_C0__PAUSE_BAD_L3_s0250,PAUSE_BAD,3,end,4.3,,,10.82
B03-CHAMP_C0__PAUSE_LOST_L3_s2512,PAUSE_LOST,3,start,0.0,0.08,,
B03-CHAMP_C0__PAUSE_LOST_L3_s2512,PAUSE_LOST,3,end,0.0,5.71,,
B03-CHAMP_C0__RARE_HESIT_L3_s9130,RARE_HESIT,3,start,0.0,13.75,,
B03-CHAMP_C0__RARE_HESIT_L3_s9130,RARE_HESIT,3,end,4.57,0.0,,
B03-CHAMP_C0__RARE_HESIT_L3_s9130,RARE_HESIT,3,start,5.17,7.42,,
B03-CHAMP_C0__RARE_HESIT_L3_s9130,RARE_HESIT,3,end,19.7,1.24,,
B03-CHAMP_C0__RARE_HESIT_L3_s9130,RARE_HESIT,3,start,0.0,0.0,,
B03-CHAMP_C0__RARE_HESIT_L3_s9130,RARE_HESIT,3,end,0.0,0.83,,
B03-CHAMP_C0__RARE_HESIT_L3_s9130,RARE_HESIT,3,start,0.0,0.83,,
B03-CHAMP_C0__RARE_HESIT_L3_s9130,RARE_HESIT,3,end,1.11,1.33,,
B03-CHAMP_C0__REPEAT_L3_s2561,REPEAT,3,start,0.99,,,
B03-CHAMP_C0__REPEAT_L3_s2561,REPEAT,3,end,0.0,,,
B03-CHAMP_C0__REPEAT_L3_s2561,REPEAT,3,start,5.7,,,
B03-CHAMP_C0__REPEAT_L3_s2561,REPEAT,3,end,2.46,,,
B03-CHAMP_C0__SHOUT_L3_s9855,SHOUT,3,start,0.0,0.96,,
B03-CHAMP_C0__SHOUT_L3_s9855,SHOUT,3,end,0.0,4.83,4.42,
B03-CHAMP_C0__SLUR_L3_s5438,SLUR,3,start,0.16,0.31,,
B03-CHAMP_C0__SLUR_L3_s5438,SLUR,3,end,0.0,2.81,2.76,
B03-CHAMP_C0__SLUR_L3_s5438,SLUR,3,start,5.59,0.0,,
B03-CHAMP_C0__SLUR_L3_s5438,SLUR,3,end,0.0,0.56,2.81,
B03-CHAMP_C0__SLUR_L3_s5438,SLUR,3,start,0.0,0.0,,
B03-CHAMP_C0__SLUR_L3_s5438,SLUR,3,end,0.0,0.22,2.87,
B03-CHAMP_C0__UPTALK_L3_s3608,UPTALK,3,start,0.0,0.0,,
B03-CHAMP_C0__UPTALK_L3_s3608,UPTALK,3,end,0.23,2.54,0.4,
B03-CHAMP_C0__WORD_SKIP_L3_s7133,WORD_SKIP,3,point,0.0,0.0,,
B03-CHAMP_C0__WORD_SKIP_L3_s7133,WORD_SKIP,3,point,0.0,0.0,,
B03-CHAMP_C0__WORD_SKIP_L3_s7133,WORD_SKIP,3,point,5.22,0.0,,
B03-CHAMP_C0__WORD_SWAP_L3_s8353,WORD_SWAP,3,start,5.38,8.19,,
B03-CHAMP_C0__WORD_SWAP_L3_s8353,WORD_SWAP,3,end,1.11,0.0,10.44,
B03-CHAMP_C0__WORD_SWAP_L3_s8353,WORD_SWAP,3,start,1.55,0.0,,
B03-CHAMP_C0__WORD_SWAP_L3_s8353,WORD_SWAP,3,end,6.98,2.72,8.68,
B03-CHAMP_C0__WORD_SWAP_L3_s8353,WORD_SWAP,3,start,0.0,0.0,,
B03-CHAMP_C0__WORD_SWAP_L3_s8353,WORD_SWAP,3,end,0.0,1.49,7.49,
B04-CHAMP_C0__EMPH_FLAT_L3_s9143,EMPH_FLAT,3,start,0.0,0.0,,
B04-CHAMP_C0__EMPH_FLAT_L3_s9143,EMPH_FLAT,3,end,0.0,0.39,,
B04-CHAMP_C0__EMPH_FLAT_L3_s9143,EMPH_FLAT,3,start,0.0,0.0,,
B04-CHAMP_C0__EMPH_FLAT_L3_s9143,EMPH_FLAT,3,end,0.0,0.0,,
B04-CHAMP_C0__FADE_L3_s6328,FADE,3,start,2.54,0.39,,
B04-CHAMP_C0__FADE_L3_s6328,FADE,3,end,0.0,8.05,4.08,
B04-CHAMP_C0__FADE_L3_s6328,FADE,3,start,0.0,0.0,,
B04-CHAMP_C0__FADE_L3_s6328,FADE,3,end,0.0,6.19,4.76,
B04-CHAMP_C0__FILLER_L3_s9140,FILLER,3,start,0.0,,,
B04-CHAMP_C0__FILLER_L3_s9140,FILLER,3,end,2.84,,,
B04-CHAMP_C0__FILLER_L3_s9140,FILLER,3,start,0.0,,,
B04-CHAMP_C0__FILLER_L3_s9140,FILLER,3,end,0.0,,,
B04-CHAMP_C0__FILLER_L3_s9140,FILLER,3,start,0.0,,,
B04-CHAMP_C0__FILLER_L3_s9140,FILLER,3,end,0.0,,,
B04-CHAMP_C0__FILLER_L3_s9140,FILLER,3,start,0.0,,,
B04-CHAMP_C0__FILLER_L3_s9140,FILLER,3,end,0.0,,,
B04-CHAMP_C0__FILLER_L3_s9140,FILLER,3,start,0.0,,,
B04-CHAMP_C0__FILLER_L3_s9140,FILLER,3,end,0.0,,,
B04-CHAMP_C0__FILLER_L3_s9140,FILLER,3,start,0.0,,,
B04-CHAMP_C0__FILLER_L3_s9140,FILLER,3,end,0.0,,,
B04-CHAMP_C0__MONOTONE_L3_s5305,MONOTONE,3,start,0.0,0.0,,
B04-CHAMP_C0__MONOTONE_L3_s5305,MONOTONE,3,end,0.0,1.75,0.78,
B04-CHAMP_C0__MONOTONE_L3_s5305,MONOTONE,3,start,9.03,1.83,,
B04-CHAMP_C0__MONOTONE_L3_s5305,MONOTONE,3,end,2.82,2.02,0.71,
B04-CHAMP_C0__MULTI1_L3_s3042,PACE_FAST,3,start,0.0,0.0,,
B04-CHAMP_C0__MULTI1_L3_s3042,PACE_FAST,3,end,0.0,10.89,,
B04-CHAMP_C0__MULTI1_L3_s3042,FADE,3,start,0.0,0.0,,
B04-CHAMP_C0__MULTI1_L3_s3042,FADE,3,end,0.0,6.19,4.76,
B04-CHAMP_C0__MULTI2_L3_s4632,PAUSE_BAD,3,start,32.27,,,
B04-CHAMP_C0__MULTI2_L3_s4632,PAUSE_BAD,3,end,19.9,,,8.64
B04-CHAMP_C0__MULTI2_L3_s4632,MONOTONE,3,start,9.03,1.83,,
B04-CHAMP_C0__MULTI2_L3_s4632,MONOTONE,3,end,2.82,2.02,0.71,
B04-CHAMP_C0__MULTI3_L3_s2718,FILLER,3,start,0.0,,,
B04-CHAMP_C0__MULTI3_L3_s2718,FILLER,3,end,6.81,,,
B04-CHAMP_C0__MULTI3_L3_s2718,FILLER,3,start,0.0,,,
B04-CHAMP_C0__MULTI3_L3_s2718,FILLER,3,end,2.96,,,
B04-CHAMP_C0__MULTI3_L3_s2718,UPTALK,3,start,0.0,1.76,,
B04-CHAMP_C0__MULTI3_L3_s2718,UPTALK,3,end,0.0,0.27,0.65,
B04-CHAMP_C0__MULTI3_L3_s2718,SLUR,3,start,9.04,2.28,,
B04-CHAMP_C0__MULTI3_L3_s2718,SLUR,3,end,18.1,0.0,2.81,
B04-CHAMP_C0__MULTI4_L3_s1325,EMPH_FLAT,3,start,0.0,0.0,,
B04-CHAMP_C0__MULTI4_L3_s1325,EMPH_FLAT,3,end,0.0,0.39,,
B04-CHAMP_C0__MULTI4_L3_s1325,PACE_SLOW,3,start,0.0,0.0,,
B04-CHAMP_C0__MULTI4_L3_s1325,PACE_SLOW,3,end,0.0,0.06,,
B04-CHAMP_C0__MULTI4_L3_s1325,SHOUT,3,start,0.0,0.0,,
B04-CHAMP_C0__MULTI4_L3_s1325,SHOUT,3,end,2.43,5.45,5.8,
B04-CHAMP_C0__MULTI5_L3_s9307,REPEAT,3,start,2.11,,,
B04-CHAMP_C0__MULTI5_L3_s9307,REPEAT,3,end,0.0,,,
B04-CHAMP_C0__MULTI5_L3_s9307,RARE_HESIT,3,start,18.4,6.07,,
B04-CHAMP_C0__MULTI5_L3_s9307,RARE_HESIT,3,end,0.0,3.95,,
B04-CHAMP_C0__MULTI5_L3_s9307,WORD_SWAP,3,start,0.0,0.0,,
B04-CHAMP_C0__MULTI5_L3_s9307,WORD_SWAP,3,end,0.0,3.15,5.82,
B04-CHAMP_C0__MULTI5_L3_s9307,WORD_SWAP,3,start,9.55,3.93,,
B04-CHAMP_C0__MULTI5_L3_s9307,WORD_SWAP,3,end,0.0,0.0,6.42,
B04-CHAMP_C0__MULTI5_L3_s9307,WORD_SWAP,3,start,0.0,0.24,,
B04-CHAMP_C0__MULTI5_L3_s9307,WORD_SWAP,3,end,0.0,1.46,,
B04-CHAMP_C0__PACE_FAST_L3_s4379,PACE_FAST,3,start,0.0,0.0,,
B04-CHAMP_C0__PACE_FAST_L3_s4379,PACE_FAST,3,end,0.72,2.53,,
B04-CHAMP_C0__PACE_FAST_L3_s4379,PACE_FAST,3,start,0.0,0.0,,
B04-CHAMP_C0__PACE_FAST_L3_s4379,PACE_FAST,3,end,0.0,0.38,,
B04-CHAMP_C0__PACE_SLOW_L3_s9170,PACE_SLOW,3,start,0.0,0.0,,
B04-CHAMP_C0__PACE_SLOW_L3_s9170,PACE_SLOW,3,end,0.0,0.0,,
B04-CHAMP_C0__PAUSE_BAD_L3_s2865,PAUSE_BAD,3,start,0.17,,,
B04-CHAMP_C0__PAUSE_BAD_L3_s2865,PAUSE_BAD,3,end,0.0,,,9.45
B04-CHAMP_C0__PAUSE_BAD_L3_s2865,PAUSE_BAD,3,start,0.0,,,
B04-CHAMP_C0__PAUSE_BAD_L3_s2865,PAUSE_BAD,3,end,0.0,,,9.58
B04-CHAMP_C0__PAUSE_LOST_L3_s5028,PAUSE_LOST,3,start,0.0,0.13,,
B04-CHAMP_C0__PAUSE_LOST_L3_s5028,PAUSE_LOST,3,end,0.64,1.7,,
B04-CHAMP_C0__RARE_HESIT_L3_s9134,RARE_HESIT,3,start,0.0,25.65,,
B04-CHAMP_C0__RARE_HESIT_L3_s9134,RARE_HESIT,3,end,0.0,0.24,,
B04-CHAMP_C0__RARE_HESIT_L3_s9134,RARE_HESIT,3,start,8.46,0.0,,
B04-CHAMP_C0__RARE_HESIT_L3_s9134,RARE_HESIT,3,end,9.6,0.0,,
B04-CHAMP_C0__REPEAT_L3_s4929,REPEAT,3,start,0.0,,,
B04-CHAMP_C0__REPEAT_L3_s4929,REPEAT,3,end,8.56,,,
B04-CHAMP_C0__REPEAT_L3_s4929,REPEAT,3,start,0.0,,,
B04-CHAMP_C0__REPEAT_L3_s4929,REPEAT,3,end,0.0,,,
B04-CHAMP_C0__SHOUT_L3_s5399,SHOUT,3,start,0.0,4.48,,
B04-CHAMP_C0__SHOUT_L3_s5399,SHOUT,3,end,0.4,5.73,6.04,
B04-CHAMP_C0__SHOUT_L3_s5399,SHOUT,3,start,0.0,0.0,,
B04-CHAMP_C0__SHOUT_L3_s5399,SHOUT,3,end,0.0,4.08,5.78,
B04-CHAMP_C0__SHOUT_L3_s5399,SHOUT,3,start,0.0,0.0,,
B04-CHAMP_C0__SHOUT_L3_s5399,SHOUT,3,end,0.0,5.07,5.72,
B04-CHAMP_C0__SLUR_L3_s5969,SLUR,3,start,1.65,0.0,,
B04-CHAMP_C0__SLUR_L3_s5969,SLUR,3,end,0.0,0.53,2.88,
B04-CHAMP_C0__SLUR_L3_s5969,SLUR,3,start,0.0,0.0,,
B04-CHAMP_C0__SLUR_L3_s5969,SLUR,3,end,0.0,0.0,2.76,
B04-CHAMP_C0__SLUR_L3_s5969,SLUR,3,start,9.04,2.28,,
B04-CHAMP_C0__SLUR_L3_s5969,SLUR,3,end,18.11,0.0,2.81,
B04-CHAMP_C0__UPTALK_L3_s3144,UPTALK,3,start,0.0,7.48,,
B04-CHAMP_C0__UPTALK_L3_s3144,UPTALK,3,end,0.0,0.0,0.25,
B04-CHAMP_C0__WORD_SKIP_L3_s8822,WORD_SKIP,3,point,0.48,0.0,,
B04-CHAMP_C0__WORD_SKIP_L3_s8822,WORD_SKIP,3,point,0.0,0.0,,
B04-CHAMP_C0__WORD_SKIP_L3_s8822,WORD_SKIP,3,point,1.92,0.0,,
B04-CHAMP_C0__WORD_SWAP_L3_s1850,WORD_SWAP,3,start,2.07,3.75,,
B04-CHAMP_C0__WORD_SWAP_L3_s1850,WORD_SWAP,3,end,3.94,0.0,5.4,
B04-CHAMP_C0__WORD_SWAP_L3_s1850,WORD_SWAP,3,start,0.0,0.0,,
B04-CHAMP_C0__WORD_SWAP_L3_s1850,WORD_SWAP,3,end,4.62,4.27,4.53,
B04-CHAMP_C0__WORD_SWAP_L3_s1850,WORD_SWAP,3,start,6.0,0.0,,
B04-CHAMP_C0__WORD_SWAP_L3_s1850,WORD_SWAP,3,end,0.0,3.9,9.93,
B05-CHAMP_C0__EMPH_FLAT_L3_s6740,EMPH_FLAT,3,start,0.99,0.0,,
B05-CHAMP_C0__EMPH_FLAT_L3_s6740,EMPH_FLAT,3,end,6.95,7.93,,
B05-CHAMP_C0__FADE_L3_s9575,FADE,3,start,5.0,0.0,,
B05-CHAMP_C0__FADE_L3_s9575,FADE,3,end,0.0,12.99,3.72,
B05-CHAMP_C0__FADE_L3_s9575,FADE,3,start,0.0,1.25,,
B05-CHAMP_C0__FADE_L3_s9575,FADE,3,end,0.07,0.0,4.12,
B05-CHAMP_C0__FADE_L3_s9575,FADE,3,start,0.0,3.25,,
B05-CHAMP_C0__FADE_L3_s9575,FADE,3,end,2.82,4.64,4.85,
B05-CHAMP_C0__FILLER_L3_s4322,FILLER,3,start,0.0,,,
B05-CHAMP_C0__FILLER_L3_s4322,FILLER,3,end,0.0,,,
B05-CHAMP_C0__FILLER_L3_s4322,FILLER,3,start,23.0,,,
B05-CHAMP_C0__FILLER_L3_s4322,FILLER,3,end,0.0,,,
B05-CHAMP_C0__FILLER_L3_s4322,FILLER,3,start,2.78,,,
B05-CHAMP_C0__FILLER_L3_s4322,FILLER,3,end,2.35,,,
B05-CHAMP_C0__FILLER_L3_s4322,FILLER,3,start,0.0,,,
B05-CHAMP_C0__FILLER_L3_s4322,FILLER,3,end,0.0,,,
B05-CHAMP_C0__FILLER_L3_s4322,FILLER,3,start,21.76,,,
B05-CHAMP_C0__FILLER_L3_s4322,FILLER,3,end,14.87,,,
B05-CHAMP_C0__FILLER_L3_s4322,FILLER,3,start,0.0,,,
B05-CHAMP_C0__FILLER_L3_s4322,FILLER,3,end,0.0,,,
B05-CHAMP_C0__MONOTONE_L3_s3640,MONOTONE,3,start,0.0,2.02,,
B05-CHAMP_C0__MONOTONE_L3_s3640,MONOTONE,3,end,0.0,0.03,1.01,
B05-CHAMP_C0__MULTI1_L3_s5652,PACE_FAST,3,start,6.8,4.01,,
B05-CHAMP_C0__MULTI1_L3_s5652,PACE_FAST,3,end,0.94,4.94,,
B05-CHAMP_C0__MULTI1_L3_s5652,FADE,3,start,0.0,3.37,,
B05-CHAMP_C0__MULTI1_L3_s5652,FADE,3,end,0.0,0.0,3.95,
B05-CHAMP_C0__MULTI2_L3_s2526,PAUSE_BAD,3,start,0.0,4.42,,
B05-CHAMP_C0__MULTI2_L3_s2526,PAUSE_BAD,3,end,1.36,20.15,2.12,
B05-CHAMP_C0__MULTI2_L3_s2526,PAUSE_BAD,3,start,1.36,,,
B05-CHAMP_C0__MULTI2_L3_s2526,PAUSE_BAD,3,end,0.0,,,4.34
B05-CHAMP_C0__MULTI2_L3_s2526,MONOTONE,3,start,0.0,1.28,,
B05-CHAMP_C0__MULTI2_L3_s2526,MONOTONE,3,end,6.86,11.45,0.71,
B05-CHAMP_C0__MULTI3_L3_s3032,FILLER,3,start,0.0,,,
B05-CHAMP_C0__MULTI3_L3_s3032,FILLER,3,end,0.0,,,
B05-CHAMP_C0__MULTI3_L3_s3032,FILLER,3,start,25.28,,,
B05-CHAMP_C0__MULTI3_L3_s3032,FILLER,3,end,20.34,,,
B05-CHAMP_C0__MULTI3_L3_s3032,UPTALK,3,start,2.98,10.72,,
B05-CHAMP_C0__MULTI3_L3_s3032,UPTALK,3,end,0.0,0.0,0.31,
B05-CHAMP_C0__MULTI3_L3_s3032,SLUR,3,start,1.81,1.9,,
B05-CHAMP_C0__MULTI3_L3_s3032,SLUR,3,end,0.0,2.81,2.7,
B05-CHAMP_C0__MULTI4_L3_s3147,EMPH_FLAT,3,start,0.0,3.45,,
B05-CHAMP_C0__MULTI4_L3_s3147,EMPH_FLAT,3,end,4.22,5.34,,
B05-CHAMP_C0__MULTI4_L3_s3147,PACE_SLOW,3,start,2.9,0.05,,
B05-CHAMP_C0__MULTI4_L3_s3147,PACE_SLOW,3,end,0.0,0.88,,
B05-CHAMP_C0__MULTI4_L3_s3147,SHOUT,3,start,1.69,3.03,,
B05-CHAMP_C0__MULTI4_L3_s3147,SHOUT,3,end,2.89,8.09,6.08,
B05-CHAMP_C0__MULTI5_L3_s7405,REPEAT,3,start,0.0,,,
B05-CHAMP_C0__MULTI5_L3_s7405,REPEAT,3,end,0.0,,,
B05-CHAMP_C0__MULTI5_L3_s7405,RARE_HESIT,3,start,26.2,0.0,,
B05-CHAMP_C0__MULTI5_L3_s7405,RARE_HESIT,3,end,0.0,5.25,,
B05-CHAMP_C0__MULTI5_L3_s7405,WORD_SWAP,3,start,0.0,0.53,,
B05-CHAMP_C0__MULTI5_L3_s7405,WORD_SWAP,3,end,0.0,0.0,7.77,
B05-CHAMP_C0__MULTI5_L3_s7405,WORD_SWAP,3,start,2.54,3.07,,
B05-CHAMP_C0__MULTI5_L3_s7405,WORD_SWAP,3,end,3.15,2.01,2.96,
B05-CHAMP_C0__MULTI5_L3_s7405,WORD_SWAP,3,start,0.0,3.88,,
B05-CHAMP_C0__MULTI5_L3_s7405,WORD_SWAP,3,end,0.0,4.34,12.59,
B05-CHAMP_C0__PACE_FAST_L3_s8776,PACE_FAST,3,start,0.0,1.36,,
B05-CHAMP_C0__PACE_FAST_L3_s8776,PACE_FAST,3,end,4.77,3.74,,
B05-CHAMP_C0__PACE_FAST_L3_s8776,PACE_FAST,3,start,5.45,3.43,,
B05-CHAMP_C0__PACE_FAST_L3_s8776,PACE_FAST,3,end,2.23,0.31,,
B05-CHAMP_C0__PACE_SLOW_L3_s3361,PACE_SLOW,3,start,5.44,3.39,,
B05-CHAMP_C0__PACE_SLOW_L3_s3361,PACE_SLOW,3,end,0.0,0.0,,
B05-CHAMP_C0__PACE_SLOW_L3_s3361,PACE_SLOW,3,start,0.0,2.06,,
B05-CHAMP_C0__PACE_SLOW_L3_s3361,PACE_SLOW,3,end,8.21,0.07,,
B05-CHAMP_C0__PAUSE_BAD_L3_s3522,PAUSE_BAD,3,start,0.0,2.86,,
B05-CHAMP_C0__PAUSE_BAD_L3_s3522,PAUSE_BAD,3,end,0.0,8.86,,
B05-CHAMP_C0__PAUSE_BAD_L3_s3522,PAUSE_BAD,3,start,0.0,,,
B05-CHAMP_C0__PAUSE_BAD_L3_s3522,PAUSE_BAD,3,end,0.0,,,6.6
B05-CHAMP_C0__PAUSE_BAD_L3_s3522,PAUSE_BAD,3,start,13.43,,,
B05-CHAMP_C0__PAUSE_BAD_L3_s3522,PAUSE_BAD,3,end,0.0,,,9.44
B05-CHAMP_C0__PAUSE_LOST_L3_s5765,PAUSE_LOST,3,start,0.03,2.47,,
B05-CHAMP_C0__PAUSE_LOST_L3_s5765,PAUSE_LOST,3,end,0.0,7.06,,
B05-CHAMP_C0__RARE_HESIT_L3_s6447,RARE_HESIT,3,start,26.55,0.0,,
B05-CHAMP_C0__RARE_HESIT_L3_s6447,RARE_HESIT,3,end,0.0,5.08,,
B05-CHAMP_C0__REPEAT_L3_s7431,REPEAT,3,start,0.0,,,
B05-CHAMP_C0__REPEAT_L3_s7431,REPEAT,3,end,0.0,,,
B05-CHAMP_C0__REPEAT_L3_s7431,REPEAT,3,start,0.0,,,
B05-CHAMP_C0__REPEAT_L3_s7431,REPEAT,3,end,0.0,,,
B05-CHAMP_C0__REPEAT_L3_s7431,REPEAT,3,start,0.0,,,
B05-CHAMP_C0__REPEAT_L3_s7431,REPEAT,3,end,0.0,,,
B05-CHAMP_C0__SHOUT_L3_s7794,SHOUT,3,start,0.0,0.0,,
B05-CHAMP_C0__SHOUT_L3_s7794,SHOUT,3,end,2.76,5.76,4.79,
B05-CHAMP_C0__SHOUT_L3_s7794,SHOUT,3,start,1.71,3.02,,
B05-CHAMP_C0__SHOUT_L3_s7794,SHOUT,3,end,2.89,8.1,6.07,
B05-CHAMP_C0__SLUR_L3_s0702,SLUR,3,start,1.22,0.0,,
B05-CHAMP_C0__SLUR_L3_s0702,SLUR,3,end,6.0,2.99,2.81,
B05-CHAMP_C0__UPTALK_L3_s2670,UPTALK,3,start,0.0,1.62,,
B05-CHAMP_C0__UPTALK_L3_s2670,UPTALK,3,end,0.18,2.31,0.33,
B05-CHAMP_C0__WORD_SKIP_L3_s3381,WORD_SKIP,3,point,1.69,15.06,,
B05-CHAMP_C0__WORD_SKIP_L3_s3381,WORD_SKIP,3,point,0.0,3.63,,
B05-CHAMP_C0__WORD_SKIP_L3_s3381,WORD_SKIP,3,point,30.87,3.49,,
B05-CHAMP_C0__WORD_SWAP_L3_s2537,WORD_SWAP,3,start,11.35,0.0,,
B05-CHAMP_C0__WORD_SWAP_L3_s2537,WORD_SWAP,3,end,11.77,0.12,6.69,
B05-CHAMP_C0__WORD_SWAP_L3_s2537,WORD_SWAP,3,start,1.06,8.38,,
B05-CHAMP_C0__WORD_SWAP_L3_s2537,WORD_SWAP,3,end,0.0,1.23,6.83,
B05-CHAMP_C0__WORD_SWAP_L3_s2537,WORD_SWAP,3,start,2.54,3.08,,
B05-CHAMP_C0__WORD_SWAP_L3_s2537,WORD_SWAP,3,end,3.14,1.99,2.95,
B06-CHAMP_C0__EMPH_FLAT_L3_s0096,EMPH_FLAT,3,start,0.0,2.55,,
B06-CHAMP_C0__EMPH_FLAT_L3_s0096,EMPH_FLAT,3,end,0.0,0.0,,
B06-CHAMP_C0__EMPH_FLAT_L3_s0096,EMPH_FLAT,3,start,0.0,0.0,,
B06-CHAMP_C0__EMPH_FLAT_L3_s0096,EMPH_FLAT,3,end,0.0,1.88,,
B06-CHAMP_C0__EMPH_FLAT_L3_s0096,EMPH_FLAT,3,start,5.06,0.23,,
B06-CHAMP_C0__EMPH_FLAT_L3_s0096,EMPH_FLAT,3,end,11.69,6.13,,
B06-CHAMP_C0__FADE_L3_s3303,FADE,3,start,0.0,2.19,,
B06-CHAMP_C0__FADE_L3_s3303,FADE,3,end,3.34,8.5,4.51,
B06-CHAMP_C0__FADE_L3_s3303,FADE,3,start,0.0,2.45,,
B06-CHAMP_C0__FADE_L3_s3303,FADE,3,end,0.0,6.47,4.76,
B06-CHAMP_C0__FILLER_L3_s1529,FILLER,3,start,8.43,,,
B06-CHAMP_C0__FILLER_L3_s1529,FILLER,3,end,0.0,,,
B06-CHAMP_C0__FILLER_L3_s1529,FILLER,3,start,7.21,,,
B06-CHAMP_C0__FILLER_L3_s1529,FILLER,3,end,0.0,,,
B06-CHAMP_C0__FILLER_L3_s1529,FILLER,3,start,1.37,,,
B06-CHAMP_C0__FILLER_L3_s1529,FILLER,3,end,0.0,,,
B06-CHAMP_C0__FILLER_L3_s1529,FILLER,3,start,0.0,8.51,,
B06-CHAMP_C0__FILLER_L3_s1529,FILLER,3,end,0.0,24.0,,
B06-CHAMP_C0__FILLER_L3_s1529,FILLER,3,start,11.28,,,
B06-CHAMP_C0__FILLER_L3_s1529,FILLER,3,end,7.14,,,
B06-CHAMP_C0__FILLER_L3_s1529,FILLER,3,start,4.4,,,
B06-CHAMP_C0__FILLER_L3_s1529,FILLER,3,end,0.0,,,
B06-CHAMP_C0__MONOTONE_L3_s4010,MONOTONE,3,start,0.0,1.89,,
B06-CHAMP_C0__MONOTONE_L3_s4010,MONOTONE,3,end,0.0,0.94,0.47,
B06-CHAMP_C0__MONOTONE_L3_s4010,MONOTONE,3,start,0.0,0.35,,
B06-CHAMP_C0__MONOTONE_L3_s4010,MONOTONE,3,end,5.48,0.25,0.5,
B06-CHAMP_C0__MULTI1_L3_s2191,PACE_FAST,3,start,0.0,0.38,,
B06-CHAMP_C0__MULTI1_L3_s2191,PACE_FAST,3,end,0.0,0.12,,
B06-CHAMP_C0__MULTI1_L3_s2191,FADE,3,start,0.0,2.45,,
B06-CHAMP_C0__MULTI1_L3_s2191,FADE,3,end,0.0,6.49,4.76,
B06-CHAMP_C0__MULTI2_L3_s4773,PAUSE_BAD,3,start,0.87,2.77,,
B06-CHAMP_C0__MULTI2_L3_s4773,PAUSE_BAD,3,end,1.4,6.65,1.67,
B06-CHAMP_C0__MULTI2_L3_s4773,PAUSE_BAD,3,start,1.4,,,
B06-CHAMP_C0__MULTI2_L3_s4773,PAUSE_BAD,3,end,0.0,,,4.44
B06-CHAMP_C0__MULTI2_L3_s4773,MONOTONE,3,start,0.0,0.35,,
B06-CHAMP_C0__MULTI2_L3_s4773,MONOTONE,3,end,5.5,0.23,0.47,
B06-CHAMP_C0__MULTI3_L3_s4067,FILLER,3,start,0.0,,,
B06-CHAMP_C0__MULTI3_L3_s4067,FILLER,3,end,0.0,,,
B06-CHAMP_C0__MULTI3_L3_s4067,FILLER,3,start,2.61,,,
B06-CHAMP_C0__MULTI3_L3_s4067,FILLER,3,end,3.49,,,
B06-CHAMP_C0__MULTI3_L3_s4067,UPTALK,3,start,0.62,0.0,,
B06-CHAMP_C0__MULTI3_L3_s4067,UPTALK,3,end,4.55,0.0,0.22,
B06-CHAMP_C0__MULTI3_L3_s4067,SLUR,3,start,0.0,0.0,,
B06-CHAMP_C0__MULTI3_L3_s4067,SLUR,3,end,10.76,0.21,2.87,
B06-CHAMP_C0__MULTI4_L3_s9392,EMPH_FLAT,3,start,0.0,2.55,,
B06-CHAMP_C0__MULTI4_L3_s9392,EMPH_FLAT,3,end,0.0,0.0,,
B06-CHAMP_C0__MULTI4_L3_s9392,PACE_SLOW,3,start,0.0,0.0,,
B06-CHAMP_C0__MULTI4_L3_s9392,PACE_SLOW,3,end,0.0,0.0,,
B06-CHAMP_C0__MULTI4_L3_s9392,SHOUT,3,start,0.59,5.73,,
B06-CHAMP_C0__MULTI4_L3_s9392,SHOUT,3,end,0.0,5.77,7.01,
B06-CHAMP_C0__MULTI5_L3_s8102,REPEAT,3,start,0.0,,,
B06-CHAMP_C0__MULTI5_L3_s8102,REPEAT,3,end,0.0,,,
B06-CHAMP_C0__MULTI5_L3_s8102,RARE_HESIT,3,start,1.37,5.68,,
B06-CHAMP_C0__MULTI5_L3_s8102,RARE_HESIT,3,end,0.0,0.67,,
B06-CHAMP_C0__MULTI5_L3_s8102,WORD_SWAP,3,start,0.0,0.36,,
B06-CHAMP_C0__MULTI5_L3_s8102,WORD_SWAP,3,end,0.0,0.0,6.36,
B06-CHAMP_C0__MULTI5_L3_s8102,WORD_SWAP,3,start,0.0,2.62,,
B06-CHAMP_C0__MULTI5_L3_s8102,WORD_SWAP,3,end,0.0,2.33,6.65,
B06-CHAMP_C0__MULTI5_L3_s8102,WORD_SWAP,3,start,2.84,0.0,,
B06-CHAMP_C0__MULTI5_L3_s8102,WORD_SWAP,3,end,0.0,1.77,7.83,
B06-CHAMP_C0__PACE_FAST_L3_s9532,PACE_FAST,3,start,5.05,0.24,,
B06-CHAMP_C0__PACE_FAST_L3_s9532,PACE_FAST,3,end,0.0,0.8,,
B06-CHAMP_C0__PACE_SLOW_L3_s7301,PACE_SLOW,3,start,0.0,1.77,,
B06-CHAMP_C0__PACE_SLOW_L3_s7301,PACE_SLOW,3,end,0.0,0.0,,
B06-CHAMP_C0__PACE_SLOW_L3_s7301,PACE_SLOW,3,start,0.0,0.0,,
B06-CHAMP_C0__PACE_SLOW_L3_s7301,PACE_SLOW,3,end,0.0,0.0,,
B06-CHAMP_C0__PAUSE_BAD_L3_s5270,PAUSE_BAD,3,start,0.65,,,
B06-CHAMP_C0__PAUSE_BAD_L3_s5270,PAUSE_BAD,3,end,0.0,,,4.69
B06-CHAMP_C0__PAUSE_LOST_L3_s2279,PAUSE_LOST,3,start,0.0,0.0,,
B06-CHAMP_C0__PAUSE_LOST_L3_s2279,PAUSE_LOST,3,end,3.42,0.97,,
B06-CHAMP_C0__RARE_HESIT_L3_s9213,RARE_HESIT,3,start,23.25,12.01,,
B06-CHAMP_C0__RARE_HESIT_L3_s9213,RARE_HESIT,3,end,0.0,2.0,,
B06-CHAMP_C0__REPEAT_L3_s3724,REPEAT,3,start,0.0,,,
B06-CHAMP_C0__REPEAT_L3_s3724,REPEAT,3,end,0.48,,,
B06-CHAMP_C0__REPEAT_L3_s3724,REPEAT,3,start,0.0,,,
B06-CHAMP_C0__REPEAT_L3_s3724,REPEAT,3,end,0.0,,,
B06-CHAMP_C0__SHOUT_L3_s7340,SHOUT,3,start,0.0,0.02,,
B06-CHAMP_C0__SHOUT_L3_s7340,SHOUT,3,end,0.0,4.69,6.54,
B06-CHAMP_C0__SHOUT_L3_s7340,SHOUT,3,start,0.0,3.87,,
B06-CHAMP_C0__SHOUT_L3_s7340,SHOUT,3,end,0.0,10.94,7.31,
B06-CHAMP_C0__SLUR_L3_s2958,SLUR,3,start,0.0,2.55,,
B06-CHAMP_C0__SLUR_L3_s2958,SLUR,3,end,0.0,0.0,2.81,
B06-CHAMP_C0__SLUR_L3_s2958,SLUR,3,start,0.0,0.0,,
B06-CHAMP_C0__SLUR_L3_s2958,SLUR,3,end,0.0,0.17,2.88,
B06-CHAMP_C0__SLUR_L3_s2958,SLUR,3,start,3.09,0.0,,
B06-CHAMP_C0__SLUR_L3_s2958,SLUR,3,end,6.03,3.83,2.81,
B06-CHAMP_C0__UPTALK_L3_s7109,UPTALK,3,start,0.62,0.0,,
B06-CHAMP_C0__UPTALK_L3_s7109,UPTALK,3,end,4.55,0.0,0.23,
B06-CHAMP_C0__WORD_SKIP_L3_s5825,WORD_SKIP,3,point,0.0,5.84,,
B06-CHAMP_C0__WORD_SKIP_L3_s5825,WORD_SKIP,3,point,0.0,0.0,,
B06-CHAMP_C0__WORD_SKIP_L3_s5825,WORD_SKIP,3,point,0.0,0.0,,
B06-CHAMP_C0__WORD_SWAP_L3_s3037,WORD_SWAP,3,start,0.0,1.08,,
B06-CHAMP_C0__WORD_SWAP_L3_s3037,WORD_SWAP,3,end,0.0,0.0,5.41,
B06-CHAMP_C0__WORD_SWAP_L3_s3037,WORD_SWAP,3,start,2.2,0.0,,
B06-CHAMP_C0__WORD_SWAP_L3_s3037,WORD_SWAP,3,end,1.81,0.0,4.18,
B06-CHAMP_C0__WORD_SWAP_L3_s3037,WORD_SWAP,3,start,6.04,0.47,,
B06-CHAMP_C0__WORD_SWAP_L3_s3037,WORD_SWAP,3,end,2.85,1.12,4.64,
B07-CHAMP_C0__EMPH_FLAT_L3_s6675,EMPH_FLAT,3,start,0.57,1.13,,
B07-CHAMP_C0__EMPH_FLAT_L3_s6675,EMPH_FLAT,3,end,0.0,0.0,,
B07-CHAMP_C0__FADE_L3_s3672,FADE,3,start,4.71,0.82,,
B07-CHAMP_C0__FADE_L3_s3672,FADE,3,end,0.0,7.54,3.49,
B07-CHAMP_C0__FILLER_L3_s7599,FILLER,3,start,0.0,,,
B07-CHAMP_C0__FILLER_L3_s7599,FILLER,3,end,2.12,,,
B07-CHAMP_C0__FILLER_L3_s7599,FILLER,3,start,0.0,,,
B07-CHAMP_C0__FILLER_L3_s7599,FILLER,3,end,9.56,,,
B07-CHAMP_C0__FILLER_L3_s7599,FILLER,3,start,0.0,3.74,,
B07-CHAMP_C0__FILLER_L3_s7599,FILLER,3,end,0.0,22.55,,
B07-CHAMP_C0__FILLER_L3_s7599,FILLER,3,start,0.0,2.15,,
B07-CHAMP_C0__FILLER_L3_s7599,FILLER,3,end,0.0,4.51,,
B07-CHAMP_C0__FILLER_L3_s7599,FILLER,3,start,0.0,,,
B07-CHAMP_C0__FILLER_L3_s7599,FILLER,3,end,1.49,,,
B07-CHAMP_C0__FILLER_L3_s7599,FILLER,3,start,0.0,,,
B07-CHAMP_C0__FILLER_L3_s7599,FILLER,3,end,0.0,,,
B07-CHAMP_C0__MONOTONE_L3_s5963,MONOTONE,3,start,4.4,0.0,,
B07-CHAMP_C0__MONOTONE_L3_s5963,MONOTONE,3,end,0.0,1.02,0.19,
B07-CHAMP_C0__MONOTONE_L3_s5963,MONOTONE,3,start,0.0,0.55,,
B07-CHAMP_C0__MONOTONE_L3_s5963,MONOTONE,3,end,3.23,1.14,0.26,
B07-CHAMP_C0__MONOTONE_L3_s5963,MONOTONE,3,start,2.23,0.0,,
B07-CHAMP_C0__MONOTONE_L3_s5963,MONOTONE,3,end,1.38,0.52,0.24,
B07-CHAMP_C0__MULTI1_L3_s4089,PACE_FAST,3,start,1.43,0.53,,
B07-CHAMP_C0__MULTI1_L3_s4089,PACE_FAST,3,end,5.85,0.0,,
B07-CHAMP_C0__MULTI1_L3_s4089,FADE,3,start,0.0,0.0,,
B07-CHAMP_C0__MULTI1_L3_s4089,FADE,3,end,7.11,4.81,4.56,
B07-CHAMP_C0__MULTI2_L3_s9427,PAUSE_BAD,3,start,0.0,0.0,,
B07-CHAMP_C0__MULTI2_L3_s9427,PAUSE_BAD,3,end,0.0,4.18,,
B07-CHAMP_C0__MULTI2_L3_s9427,PAUSE_BAD,3,start,0.0,,,
B07-CHAMP_C0__MULTI2_L3_s9427,PAUSE_BAD,3,end,0.0,,,9.48
B07-CHAMP_C0__MULTI2_L3_s9427,MONOTONE,3,start,0.0,0.59,,
B07-CHAMP_C0__MULTI2_L3_s9427,MONOTONE,3,end,3.23,1.14,0.26,
B07-CHAMP_C0__MULTI3_L3_s2885,FILLER,3,start,0.0,,,
B07-CHAMP_C0__MULTI3_L3_s2885,FILLER,3,end,0.0,,,
B07-CHAMP_C0__MULTI3_L3_s2885,FILLER,3,start,0.0,,,
B07-CHAMP_C0__MULTI3_L3_s2885,FILLER,3,end,9.16,,,
B07-CHAMP_C0__MULTI3_L3_s2885,UPTALK,3,start,0.0,7.99,,
B07-CHAMP_C0__MULTI3_L3_s2885,UPTALK,3,end,5.03,0.0,0.35,
B07-CHAMP_C0__MULTI3_L3_s2885,SLUR,3,start,0.0,0.0,,
B07-CHAMP_C0__MULTI3_L3_s2885,SLUR,3,end,2.38,0.2,3.05,
B07-CHAMP_C0__MULTI4_L3_s7494,EMPH_FLAT,3,start,0.57,1.13,,
B07-CHAMP_C0__MULTI4_L3_s7494,EMPH_FLAT,3,end,0.0,0.0,,
B07-CHAMP_C0__MULTI4_L3_s7494,PACE_SLOW,3,start,0.0,5.66,,
B07-CHAMP_C0__MULTI4_L3_s7494,PACE_SLOW,3,end,2.95,0.65,,
B07-CHAMP_C0__MULTI4_L3_s7494,SHOUT,3,start,0.0,3.11,,
B07-CHAMP_C0__MULTI4_L3_s7494,SHOUT,3,end,3.12,2.57,6.71,
B07-CHAMP_C0__MULTI5_L3_s7888,REPEAT,3,start,4.29,,,
B07-CHAMP_C0__MULTI5_L3_s7888,REPEAT,3,end,0.0,,,
B07-CHAMP_C0__MULTI5_L3_s7888,RARE_HESIT,3,start,10.51,17.64,,
B07-CHAMP_C0__MULTI5_L3_s7888,RARE_HESIT,3,end,0.0,2.73,,
B07-CHAMP_C0__MULTI5_L3_s7888,WORD_SWAP,3,start,0.0,9.81,,
B07-CHAMP_C0__MULTI5_L3_s7888,WORD_SWAP,3,end,0.81,2.08,2.86,
B07-CHAMP_C0__MULTI5_L3_s7888,WORD_SWAP,3,start,0.6,4.02,,
B07-CHAMP_C0__MULTI5_L3_s7888,WORD_SWAP,3,end,0.0,0.37,3.09,
B07-CHAMP_C0__MULTI5_L3_s7888,WORD_SWAP,3,start,0.0,3.58,,
B07-CHAMP_C0__MULTI5_L3_s7888,WORD_SWAP,3,end,0.0,1.23,12.87,
B07-CHAMP_C0__PACE_FAST_L3_s5983,PACE_FAST,3,start,0.0,0.0,,
B07-CHAMP_C0__PACE_FAST_L3_s5983,PACE_FAST,3,end,0.0,5.08,,
B07-CHAMP_C0__PACE_SLOW_L3_s2150,PACE_SLOW,3,start,0.0,5.7,,
B07-CHAMP_C0__PACE_SLOW_L3_s2150,PACE_SLOW,3,end,2.92,0.65,,
B07-CHAMP_C0__PAUSE_BAD_L3_s1141,PAUSE_BAD,3,start,5.21,2.23,,
B07-CHAMP_C0__PAUSE_BAD_L3_s1141,PAUSE_BAD,3,end,0.0,7.94,1.32,
B07-CHAMP_C0__PAUSE_BAD_L3_s1141,PAUSE_BAD,3,start,0.0,,,
B07-CHAMP_C0__PAUSE_BAD_L3_s1141,PAUSE_BAD,3,end,2.96,,,8.07
B07-CHAMP_C0__PAUSE_LOST_L3_s7430,PAUSE_LOST,3,start,1.36,0.56,,
B07-CHAMP_C0__PAUSE_LOST_L3_s7430,PAUSE_LOST,3,end,4.93,0.25,,
B07-CHAMP_C0__PAUSE_LOST_L3_s7430,PAUSE_LOST,3,start,3.78,0.0,,
B07-CHAMP_C0__PAUSE_LOST_L3_s7430,PAUSE_LOST,3,end,0.0,2.5,,
B07-CHAMP_C0__PAUSE_LOST_L3_s7430,PAUSE_LOST,3,start,1.71,0.18,,
B07-CHAMP_C0__PAUSE_LOST_L3_s7430,PAUSE_LOST,3,end,1.18,6.98,,
B07-CHAMP_C0__RARE_HESIT_L3_s4220,RARE_HESIT,3,start,5.01,21.7,,
B07-CHAMP_C0__RARE_HESIT_L3_s4220,RARE_HESIT,3,end,0.0,0.62,,
B07-CHAMP_C0__RARE_HESIT_L3_s4220,RARE_HESIT,3,start,0.0,14.7,,
B07-CHAMP_C0__RARE_HESIT_L3_s4220,RARE_HESIT,3,end,0.0,2.22,,
B07-CHAMP_C0__RARE_HESIT_L3_s4220,RARE_HESIT,3,start,0.0,2.5,,
B07-CHAMP_C0__RARE_HESIT_L3_s4220,RARE_HESIT,3,end,0.0,16.47,,
B07-CHAMP_C0__RARE_HESIT_L3_s4220,RARE_HESIT,3,start,0.0,16.47,,
B07-CHAMP_C0__RARE_HESIT_L3_s4220,RARE_HESIT,3,end,0.52,0.0,,
B07-CHAMP_C0__REPEAT_L3_s7082,REPEAT,3,start,4.28,,,
B07-CHAMP_C0__REPEAT_L3_s7082,REPEAT,3,end,0.09,,,
B07-CHAMP_C0__REPEAT_L3_s7082,REPEAT,3,start,4.58,,,
B07-CHAMP_C0__REPEAT_L3_s7082,REPEAT,3,end,13.11,,,
B07-CHAMP_C0__REPEAT_L3_s7082,REPEAT,3,start,0.81,,,
B07-CHAMP_C0__REPEAT_L3_s7082,REPEAT,3,end,4.12,,,
B07-CHAMP_C0__SHOUT_L3_s9417,SHOUT,3,start,3.55,0.0,,
B07-CHAMP_C0__SHOUT_L3_s9417,SHOUT,3,end,5.03,1.56,6.4,
B07-CHAMP_C0__SLUR_L3_s3249,SLUR,3,start,0.16,4.03,,
B07-CHAMP_C0__SLUR_L3_s3249,SLUR,3,end,0.0,0.02,2.89,
B07-CHAMP_C0__SLUR_L3_s3249,SLUR,3,start,0.81,0.0,,
B07-CHAMP_C0__SLUR_L3_s3249,SLUR,3,end,0.0,0.0,2.8,
B07-CHAMP_C0__UPTALK_L3_s5811,UPTALK,3,start,11.78,0.0,,
B07-CHAMP_C0__UPTALK_L3_s5811,UPTALK,3,end,1.75,0.0,0.29,
B07-CHAMP_C0__WORD_SKIP_L3_s1058,WORD_SKIP,3,point,2.25,0.31,,
B07-CHAMP_C0__WORD_SKIP_L3_s1058,WORD_SKIP,3,point,0.0,11.65,,
B07-CHAMP_C0__WORD_SKIP_L3_s1058,WORD_SKIP,3,point,0.0,4.58,,
B07-CHAMP_C0__WORD_SWAP_L3_s3310,WORD_SWAP,3,start,0.0,0.0,,
B07-CHAMP_C0__WORD_SWAP_L3_s3310,WORD_SWAP,3,end,0.0,8.39,8.71,
B07-CHAMP_C0__WORD_SWAP_L3_s3310,WORD_SWAP,3,start,0.0,8.7,,
B07-CHAMP_C0__WORD_SWAP_L3_s3310,WORD_SWAP,3,end,0.0,5.87,4.25,
B07-CHAMP_C0__WORD_SWAP_L3_s3310,WORD_SWAP,3,start,0.0,0.98,,
B07-CHAMP_C0__WORD_SWAP_L3_s3310,WORD_SWAP,3,end,14.23,0.0,8.37,
B08-CHAMP_C0__EMPH_FLAT_L3_s0486,EMPH_FLAT,3,start,0.0,0.0,,
B08-CHAMP_C0__EMPH_FLAT_L3_s0486,EMPH_FLAT,3,end,0.0,0.43,,
B08-CHAMP_C0__FADE_L3_s3657,FADE,3,start,2.55,0.0,,
B08-CHAMP_C0__FADE_L3_s3657,FADE,3,end,0.0,8.35,3.87,
B08-CHAMP_C0__FILLER_L3_s6905,FILLER,3,start,0.14,,,
B08-CHAMP_C0__FILLER_L3_s6905,FILLER,3,end,0.0,,,
B08-CHAMP_C0__FILLER_L3_s6905,FILLER,3,start,0.0,,,
B08-CHAMP_C0__FILLER_L3_s6905,FILLER,3,end,0.0,,,
B08-CHAMP_C0__FILLER_L3_s6905,FILLER,3,start,0.0,,,
B08-CHAMP_C0__FILLER_L3_s6905,FILLER,3,end,0.0,,,
B08-CHAMP_C0__FILLER_L3_s6905,FILLER,3,start,20.33,,,
B08-CHAMP_C0__FILLER_L3_s6905,FILLER,3,end,1.09,,,
B08-CHAMP_C0__FILLER_L3_s6905,FILLER,3,start,0.0,,,
B08-CHAMP_C0__FILLER_L3_s6905,FILLER,3,end,0.0,,,
B08-CHAMP_C0__FILLER_L3_s6905,FILLER,3,start,0.0,,,
B08-CHAMP_C0__FILLER_L3_s6905,FILLER,3,end,0.0,,,
B08-CHAMP_C0__MONOTONE_L3_s7169,MONOTONE,3,start,0.0,0.0,,
B08-CHAMP_C0__MONOTONE_L3_s7169,MONOTONE,3,end,0.96,0.56,0.91,
B08-CHAMP_C0__MONOTONE_L3_s7169,MONOTONE,3,start,0.0,0.0,,
B08-CHAMP_C0__MONOTONE_L3_s7169,MONOTONE,3,end,0.0,0.0,0.59,
B08-CHAMP_C0__MONOTONE_L3_s7169,MONOTONE,3,start,19.44,0.0,,
B08-CHAMP_C0__MONOTONE_L3_s7169,MONOTONE,3,end,0.0,4.47,0.82,
B08-CHAMP_C0__MULTI1_L3_s6351,PACE_FAST,3,start,0.0,1.71,,
B08-CHAMP_C0__MULTI1_L3_s6351,PACE_FAST,3,end,0.0,2.66,,
B08-CHAMP_C0__MULTI1_L3_s6351,FADE,3,start,2.55,0.0,,
B08-CHAMP_C0__MULTI1_L3_s6351,FADE,3,end,0.0,8.35,3.87,
B08-CHAMP_C0__MULTI2_L3_s4565,PAUSE_BAD,3,start,2.73,0.0,,
B08-CHAMP_C0__MULTI2_L3_s4565,PAUSE_BAD,3,end,0.0,6.13,4.47,
B08-CHAMP_C0__MULTI2_L3_s4565,PAUSE_BAD,3,start,0.0,,,
B08-CHAMP_C0__MULTI2_L3_s4565,PAUSE_BAD,3,end,0.0,,,8.03
B08-CHAMP_C0__MULTI2_L3_s4565,MONOTONE,3,start,0.0,6.11,,
B08-CHAMP_C0__MULTI2_L3_s4565,MONOTONE,3,end,12.8,0.0,0.62,
B08-CHAMP_C0__MULTI3_L3_s6931,FILLER,3,start,3.43,,,
B08-CHAMP_C0__MULTI3_L3_s6931,FILLER,3,end,8.27,,,
B08-CHAMP_C0__MULTI3_L3_s6931,FILLER,3,start,2.39,0.0,,
B08-CHAMP_C0__MULTI3_L3_s6931,FILLER,3,end,2.65,17.94,,
B08-CHAMP_C0__MULTI3_L3_s6931,UPTALK,3,start,5.81,2.37,,
B08-CHAMP_C0__MULTI3_L3_s6931,UPTALK,3,end,3.83,0.0,0.39,
B08-CHAMP_C0__MULTI3_L3_s6931,SLUR,3,start,3.08,0.0,,
B08-CHAMP_C0__MULTI3_L3_s6931,SLUR,3,end,0.0,4.18,2.86,
B08-CHAMP_C0__MULTI4_L3_s1968,EMPH_FLAT,3,start,0.0,0.0,,
B08-CHAMP_C0__MULTI4_L3_s1968,EMPH_FLAT,3,end,0.0,0.43,,
B08-CHAMP_C0__MULTI4_L3_s1968,PACE_SLOW,3,start,3.96,1.84,,
B08-CHAMP_C0__MULTI4_L3_s1968,PACE_SLOW,3,end,21.11,7.58,,
B08-CHAMP_C0__MULTI4_L3_s1968,SHOUT,3,start,0.0,0.0,,
B08-CHAMP_C0__MULTI4_L3_s1968,SHOUT,3,end,0.0,0.0,5.97,
B08-CHAMP_C0__MULTI5_L3_s5750,REPEAT,3,start,33.23,,,
B08-CHAMP_C0__MULTI5_L3_s5750,REPEAT,3,end,0.0,,,
B08-CHAMP_C0__MULTI5_L3_s5750,RARE_HESIT,3,start,0.0,6.43,,
B08-CHAMP_C0__MULTI5_L3_s5750,RARE_HESIT,3,end,2.85,6.31,,
B08-CHAMP_C0__MULTI5_L3_s5750,RARE_HESIT,3,start,2.85,6.31,,
B08-CHAMP_C0__MULTI5_L3_s5750,RARE_HESIT,3,end,0.0,0.0,,
B08-CHAMP_C0__MULTI5_L3_s5750,WORD_SWAP,3,start,0.0,6.01,,
B08-CHAMP_C0__MULTI5_L3_s5750,WORD_SWAP,3,end,20.35,0.0,15.29,
B08-CHAMP_C0__MULTI5_L3_s5750,WORD_SWAP,3,start,3.65,0.0,,
B08-CHAMP_C0__MULTI5_L3_s5750,WORD_SWAP,3,end,0.0,14.78,3.8,
B08-CHAMP_C0__MULTI5_L3_s5750,WORD_SWAP,3,start,0.0,6.14,,
B08-CHAMP_C0__MULTI5_L3_s5750,WORD_SWAP,3,end,14.32,0.95,3.88,
B08-CHAMP_C0__PACE_FAST_L3_s4874,PACE_FAST,3,start,2.57,0.28,,
B08-CHAMP_C0__PACE_FAST_L3_s4874,PACE_FAST,3,end,0.0,0.93,,
B08-CHAMP_C0__PACE_FAST_L3_s4874,PACE_FAST,3,start,3.16,0.0,,
B08-CHAMP_C0__PACE_FAST_L3_s4874,PACE_FAST,3,end,0.0,3.37,,
B08-CHAMP_C0__PACE_SLOW_L3_s6499,PACE_SLOW,3,start,0.0,4.97,,
B08-CHAMP_C0__PACE_SLOW_L3_s6499,PACE_SLOW,3,end,2.81,0.0,,
B08-CHAMP_C0__PACE_SLOW_L3_s6499,PACE_SLOW,3,start,2.61,0.0,,
B08-CHAMP_C0__PACE_SLOW_L3_s6499,PACE_SLOW,3,end,1.52,0.56,,
B08-CHAMP_C0__PACE_SLOW_L3_s6499,PACE_SLOW,3,start,0.0,6.82,,
B08-CHAMP_C0__PACE_SLOW_L3_s6499,PACE_SLOW,3,end,2.14,0.42,,
B08-CHAMP_C0__PAUSE_BAD_L3_s0720,PAUSE_BAD,3,start,0.0,0.0,,
B08-CHAMP_C0__PAUSE_BAD_L3_s0720,PAUSE_BAD,3,end,0.37,3.9,3.47,
B08-CHAMP_C0__PAUSE_BAD_L3_s0720,PAUSE_BAD,3,start,0.37,,,
B08-CHAMP_C0__PAUSE_BAD_L3_s0720,PAUSE_BAD,3,end,0.0,,,5.9
B08-CHAMP_C0__PAUSE_BAD_L3_s0720,PAUSE_BAD,3,start,2.38,0.0,,
B08-CHAMP_C0__PAUSE_BAD_L3_s0720,PAUSE_BAD,3,end,18.53,6.46,1.41,
B08-CHAMP_C0__PAUSE_BAD_L3_s0720,PAUSE_BAD,3,start,18.53,,,
B08-CHAMP_C0__PAUSE_BAD_L3_s0720,PAUSE_BAD,3,end,0.0,,,7.47
B08-CHAMP_C0__PAUSE_LOST_L3_s1166,PAUSE_LOST,3,start,2.21,0.0,,
B08-CHAMP_C0__PAUSE_LOST_L3_s1166,PAUSE_LOST,3,end,0.0,0.0,,
B08-CHAMP_C0__RARE_HESIT_L3_s5876,RARE_HESIT,3,start,0.0,4.61,,
B08-CHAMP_C0__RARE_HESIT_L3_s5876,RARE_HESIT,3,end,0.0,2.4,,
B08-CHAMP_C0__RARE_HESIT_L3_s5876,RARE_HESIT,3,start,0.0,6.42,,
B08-CHAMP_C0__RARE_HESIT_L3_s5876,RARE_HESIT,3,end,2.85,6.3,,
B08-CHAMP_C0__RARE_HESIT_L3_s5876,RARE_HESIT,3,start,2.85,6.3,,
B08-CHAMP_C0__RARE_HESIT_L3_s5876,RARE_HESIT,3,end,0.0,0.0,,
B08-CHAMP_C0__REPEAT_L3_s7276,REPEAT,3,start,1.99,,,
B08-CHAMP_C0__REPEAT_L3_s7276,REPEAT,3,end,0.34,,,
B08-CHAMP_C0__SHOUT_L3_s9900,SHOUT,3,start,0.0,0.0,,
B08-CHAMP_C0__SHOUT_L3_s9900,SHOUT,3,end,0.0,0.0,5.97,
B08-CHAMP_C0__SHOUT_L3_s9900,SHOUT,3,start,2.17,0.0,,
B08-CHAMP_C0__SHOUT_L3_s9900,SHOUT,3,end,0.0,8.01,5.87,
B08-CHAMP_C0__SLUR_L3_s0000,SLUR,3,start,0.0,0.0,,
B08-CHAMP_C0__SLUR_L3_s0000,SLUR,3,end,0.0,0.0,2.74,
B08-CHAMP_C0__SLUR_L3_s0000,SLUR,3,start,0.0,3.07,,
B08-CHAMP_C0__SLUR_L3_s0000,SLUR,3,end,0.0,0.0,2.82,
B08-CHAMP_C0__SLUR_L3_s0000,SLUR,3,start,3.08,0.0,,
B08-CHAMP_C0__SLUR_L3_s0000,SLUR,3,end,0.0,4.18,2.86,
B08-CHAMP_C0__UPTALK_L3_s4149,UPTALK,3,start,0.0,1.41,,
B08-CHAMP_C0__UPTALK_L3_s4149,UPTALK,3,end,0.0,3.3,0.48,
B08-CHAMP_C0__WORD_SKIP_L3_s9367,WORD_SKIP,3,point,1.11,0.26,,
B08-CHAMP_C0__WORD_SKIP_L3_s9367,WORD_SKIP,3,point,0.0,0.0,,
B08-CHAMP_C0__WORD_SKIP_L3_s9367,WORD_SKIP,3,point,15.58,0.0,,
B08-CHAMP_C0__WORD_SWAP_L3_s9275,WORD_SWAP,3,start,0.0,0.0,,
B08-CHAMP_C0__WORD_SWAP_L3_s9275,WORD_SWAP,3,end,0.0,3.75,6.84,
B08-CHAMP_C0__WORD_SWAP_L3_s9275,WORD_SWAP,3,start,4.87,0.0,,
B08-CHAMP_C0__WORD_SWAP_L3_s9275,WORD_SWAP,3,end,3.54,0.0,6.73,
B08-CHAMP_C0__WORD_SWAP_L3_s9275,WORD_SWAP,3,start,0.0,0.0,,
B08-CHAMP_C0__WORD_SWAP_L3_s9275,WORD_SWAP,3,end,0.0,0.0,15.45,
