flaw,placed_at,n,share
EMPH_FLAT,modify,39,1.0
FADE,modify,31,1.0
FILLER,sentence,47,0.346
FILLER,clause_punct,46,0.338
FILLER,phrase_tight,22,0.162
FILLER,before_coord,12,0.088
FILLER,phrase_loose,9,0.066
MONOTONE,modify,33,1.0
PACE_FAST,modify,28,1.0
PACE_SLOW,modify,43,1.0
PAUSE_BAD,phrase_tight,40,0.702
PAUSE_BAD,drawl-before-pause,17,0.298
PAUSE_LOST,clause_punct,19,1.0
RARE_HESIT,phrase_tight,26,0.565
RARE_HESIT,drawl,14,0.304
RARE_HESIT,phrase_loose,6,0.13
REPEAT,clause_punct,18,0.545
REPEAT,sentence,11,0.333
REPEAT,before_coord,4,0.121
SHOUT,modify,35,1.0
SLUR,modify,56,1.0
UPTALK,modify,45,1.0
WORD_SKIP,delete,59,1.0
WORD_SWAP,modify,83,1.0
